time,AMZN,CCL,DPZ,DRI,EAT,GRUB,MCD,NFLX,SBUX,UAL,UBER,WEN,WMT,YUM
2018-08-07 00:00:00-04:00,1862.7,58.69,277.52,109.95,44.51,128.67,156.05,351.83,52.06,82.32,,17.02,89.78,81.32
2018-08-08 00:00:00-04:00,1886.52,58.59,286.97,109.88,44.85,127.88,158.9,347.59,51.55,82.79,,17.26,90.05,81.92
2018-08-09 00:00:00-04:00,1898.13,59.34,291.41,109.42,45.18,130.49,159.24,349.37,51.91,82.75,,17.76,89.02,82.72
2018-08-10 00:00:00-04:00,1886.0,59.6,291.35,109.48,44.185,130.42,158.68,345.79,51.51,81.72,,17.65,90.19,82.93
2018-08-13 00:00:00-04:00,1895.65,58.99,288.62,109.33,43.82,129.92,158.13,341.32,51.82,81.2,,17.355,89.65,82.38
2018-08-14 00:00:00-04:00,1919.86,59.32,287.52,111.16,43.16,128.97,160.63,337.48,52.6,81.44,,17.85,90.847,83.09
2018-08-15 00:00:00-04:00,1882.37,59.21,284.22,112.34,43.14,127.35,159.88,326.44,52.75,81.86,,17.87,90.25,82.89
2018-08-16 00:00:00-04:00,1887.47,59.84,287.72,112.88,43.4,128.59,161.74,322.44,53.05,81.9,,18.3,98.64,84.21
2018-08-17 00:00:00-04:00,1882.22,60.59,285.06,113.84,44.0,127.4,161.15,316.78,53.57,82.0,,18.42,97.85,83.81
2018-08-20 00:00:00-04:00,1877.24,60.75,284.77,114.35,45.08,132.2911,161.67,327.75,53.93,85.22,,18.43,96.0,84.11
2018-08-21 00:00:00-04:00,1883.64,61.45,287.35,113.99,45.08,133.11,161.03,338.04,54.0,85.62,,18.18,96.08,84.32
2018-08-22 00:00:00-04:00,1905.45,61.89,291.51,113.76,43.86,135.34,160.54,344.44,52.82,84.52,,18.0,95.67,83.82
2018-08-23 00:00:00-04:00,1902.8,61.01,289.43,114.3,43.81,137.93,159.06,339.15,52.65,84.74,,17.96,95.19,83.53
2018-08-24 00:00:00-04:00,1905.43,61.24,297.99,114.33,43.89,138.47,159.39,358.84,52.74,85.14,,17.8,94.95,84.15
2018-08-27 00:00:00-04:00,1927.62,61.69,297.91,113.87,42.95,139.86,160.47,364.59,52.96,85.93,,17.76,94.51,84.5
2018-08-28 00:00:00-04:00,1933.0,61.75,299.43,114.99,43.54,140.48,161.63,368.48,53.06,86.815,,17.81,96.12,85.37
2018-08-29 00:00:00-04:00,1998.38,62.3,300.64,114.89,43.48,143.0,163.12,368.14,53.24,87.11,,17.76,95.65,86.0
2018-08-30 00:00:00-04:00,2002.22,61.58,300.63,115.62,43.35,142.61,162.79,371.08,53.1,86.92,,17.7,96.11,85.7
2018-08-31 00:00:00-04:00,2013.83,61.49,298.52,116.03,44.28,144.09,162.2,367.73,53.44,87.42,,17.64,95.84,86.88
2018-09-04 00:00:00-04:00,2039.58,61.2,296.53,117.27,43.64,144.0,161.7,363.49,53.53,88.29,,17.49,95.37,87.02
2018-09-05 00:00:00-04:00,1995.0,60.96,289.77,118.87,43.75,137.63,163.24,341.19,53.8,88.21,,17.49,96.6,86.73
2018-09-06 00:00:00-04:00,1958.365,61.74,290.53,118.81,45.85,137.78,163.75,346.62,54.2,87.13,,17.44,96.45,87.92
2018-09-07 00:00:00-04:00,1952.2,62.07,294.02,119.16,47.48,141.92,163.9,348.72,54.86,87.68,,17.9,95.84,88.42
2018-09-10 00:00:00-04:00,1941.81,61.99,293.8,118.68,46.0,141.02,165.08,348.42,54.98,88.09,,17.7,96.91,88.46
2018-09-11 00:00:00-04:00,1987.61,61.86,286.63,119.39,46.33,146.71,164.62,356.01,55.12,89.13,,17.66,96.63,88.23
2018-09-12 00:00:00-04:00,1990.07,62.5325,285.23,118.74,45.81,142.6,164.72,369.95,54.96,87.79,,17.73,95.97,88.34
2018-09-13 00:00:00-04:00,1990.0,62.7,284.86,118.84,46.66,144.96,162.39,368.17,54.91,89.59,,18.08,95.13,88.49
2018-09-14 00:00:00-04:00,1970.19,63.97,279.98,119.04,48.69,146.11,160.84,364.54,54.75,90.32,,17.58,94.58,88.15
2018-09-17 00:00:00-04:00,1908.03,64.82,274.48,117.97,48.92,140.25,158.15,350.38,54.57,90.16,,17.39,94.82,87.695
2018-09-18 00:00:00-04:00,1941.59,65.69,281.76,118.9,50.1,143.63,157.78,367.65,55.08,90.11,,17.78,95.44,88.3
2018-09-19 00:00:00-04:00,1926.28,66.21,279.49,117.89,48.96,136.56,159.19,366.893,55.44,89.36,,17.5,95.2401,88.56
2018-09-20 00:00:00-04:00,1944.3,66.94,282.75,116.48,48.73,137.22,160.85,365.35,56.44,89.1367,,17.48,95.76,88.97
2018-09-21 00:00:00-04:00,1915.01,67.16,286.2,112.91,47.98,135.76,164.16,360.98,57.41,89.93,,17.16,95.84,89.49
2018-09-24 00:00:00-04:00,1934.35,66.82,288.99,113.27,47.42,134.81,163.34,369.59,56.69,87.82,,17.32,94.93,89.31
2018-09-25 00:00:00-04:00,1974.55,66.62,290.8,113.08,47.18,138.31,166.42,369.3,56.9,87.93,,17.42,95.1,89.88
2018-09-26 00:00:00-04:00,1974.85,66.99,289.16,112.54,46.83,138.4,165.77,378.0,57.28,88.97,,17.56,94.6,89.88
2018-09-27 00:00:00-04:00,2012.98,63.74,293.45,111.28,46.505,139.77,166.54,380.69,57.34,88.34,,17.3,94.16,90.31
2018-09-28 00:00:00-04:00,2002.57,63.77,294.8,111.18,46.73,138.62,167.28,374.35,56.84,89.05,,17.13,93.93,90.92
2018-10-01 00:00:00-04:00,2004.36,63.57,285.55,109.21,47.41,137.37,166.94,381.43,55.57,87.63,,17.08,94.42,90.45
2018-10-02 00:00:00-04:00,1970.0,63.12,282.31,107.05,46.13,136.99,165.27,377.19,55.58,86.705,,16.99,95.16,89.985
2018-10-03 00:00:00-04:00,1952.76,62.62,285.92,107.89,45.66,135.25,164.7,377.01,55.47,87.4,,17.23,94.07,89.765
2018-10-04 00:00:00-04:00,1910.32,61.69,281.78,108.14,46.17,130.52,165.86,363.5,55.89,86.03,,16.99,94.21,89.57
2018-10-05 00:00:00-04:00,1889.58,60.57,282.92,108.38,46.4,129.84,166.62,351.36,55.76,84.14,,17.27,93.31,90.0
2018-10-08 00:00:00-04:00,1864.42,61.08,280.1,108.34,47.1,126.7,167.79,349.07,56.54,83.67,,17.28,94.7,90.65
2018-10-09 00:00:00-04:00,1870.32,60.52,284.09,108.64,45.84,128.5,169.89,355.7,57.72,81.41,,17.46,97.09,91.18
2018-10-10 00:00:00-04:00,1755.25,59.06,274.98,106.95,46.17,117.83,168.42,325.89,56.01,78.92,,17.29,95.78,89.22
2018-10-11 00:00:00-04:00,1719.36,57.85,270.78,104.06,44.69,114.35,162.99,321.22,54.87,80.13,,16.91,93.92,87.07
2018-10-12 00:00:00-04:00,1788.61,58.24,277.26,106.785,45.16,116.49,163.82,339.58,56.45,80.17,,17.11,94.78,88.06
2018-10-15 00:00:00-04:00,1760.95,57.72,273.34,106.74,46.04,114.05,163.66,333.14,56.74,81.34,,17.27,93.85,88.45
2018-10-16 00:00:00-04:00,1820.15,59.1,259.63,110.07,47.81,121.35,164.02,346.59,57.8,83.54,,17.51,95.83,90.43
2018-10-17 00:00:00-04:00,1831.73,58.98,267.69,109.95,48.33,120.62,166.83,364.71,59.12,88.5,,17.24,96.56,91.36
2018-10-18 00:00:00-04:00,1770.72,57.57,266.53,109.66,47.62,117.4,166.86,346.7,58.635,87.09,,17.0,96.19,89.82
2018-10-19 00:00:00-04:00,1764.03,57.23,267.82,106.31,46.37,114.71,167.49,332.55,58.63,87.43,,17.02,97.15,89.37
2018-10-22 00:00:00-04:00,1789.005,56.48,267.69,107.13,46.32,116.76,166.68,329.53,58.915,88.61,,17.1,97.14,89.33
2018-10-23 00:00:00-04:00,1768.25,57.21,265.91,107.19,45.32,115.73,177.18,333.1,58.8,86.28,,16.97,97.84,88.81
2018-10-24 00:00:00-04:00,1659.63,54.75,255.42,103.88,44.09,109.54,177.35,301.775,58.05,82.12,,16.77,97.54,87.04
2018-10-25 00:00:00-04:00,1782.0,55.85,261.74,106.42,44.71,96.48,175.31,312.89,58.96,85.61,,17.04,99.15,86.92
2018-10-26 00:00:00-04:00,1638.28,54.25,261.24,103.89,43.2,87.98,173.33,299.85,58.06,84.62,,16.84,98.95,85.76
2018-10-29 00:00:00-04:00,1538.6078,54.07,256.51,105.18,43.65,84.44,173.29,285.2401,58.39,84.99,,16.8,99.8,85.47
2018-10-30 00:00:00-04:00,1530.42,54.13,266.12,108.07,45.52,89.25,178.47,285.82,58.58,85.86,,17.18,102.44,86.46
2018-10-31 00:00:00-04:00,1599.19,56.04,268.71,106.55,43.35,92.76,176.93,301.79,58.27,85.51,,17.24,100.265,90.42
2018-11-01 00:00:00-04:00,1665.86,57.76,266.08,104.86,43.81,94.63,174.89,317.35,58.56,88.04,,17.18,100.58,87.97
2018-11-02 00:00:00-04:00,1665.58,57.08,265.37,105.27,45.37,95.27,176.69,309.09,64.15,88.7,,17.0,101.22,86.9
2018-11-05 00:00:00-05:00,1627.45,56.85,260.279,106.35,46.41,92.46,180.36,315.22,64.47,89.46,,17.04,102.89,87.46
2018-11-06 00:00:00-05:00,1642.86,57.25,263.55,110.65,49.05,91.06,182.68,310.58,66.005,89.64,,17.09,103.32,87.91
2018-11-07 00:00:00-05:00,1757.36,58.67,271.43,111.21,49.02,94.18,184.23,327.5,68.17,92.15,,16.63,104.34,89.36
2018-11-08 00:00:00-05:00,1754.95,58.12,273.25,112.22,48.39,92.31,185.47,317.89,68.72,92.56,,16.85,104.89,90.41
2018-11-09 00:00:00-05:00,1712.03,58.55,274.41,112.41,49.24,88.97,185.94,303.46,68.59,92.34,,17.41,105.55,90.72
2018-11-12 00:00:00-05:00,1636.79,57.78,269.13,112.38,50.33,85.52,184.42,294.21,67.91,91.2,,17.325,103.88,89.45
2018-11-13 00:00:00-05:00,1631.445,58.91,264.99,112.04,51.76,86.6,184.06,294.4,67.41,92.61,,17.755,102.95,89.04
2018-11-14 00:00:00-05:00,1600.1,59.24,266.07,111.95,51.92,87.87,183.85,286.7,67.03,91.78,,17.46,101.59,89.18
2018-11-15 00:00:00-05:00,1620.0,59.85,259.72,111.81,51.15,90.76,183.6,290.13,67.61,91.96,,17.49,99.57,88.8
2018-11-16 00:00:00-05:00,1593.59,59.98,264.62,111.87,48.92,87.49,187.63,286.23,68.16,92.27,,17.78,97.7,88.91
2018-11-19 00:00:00-05:00,1512.7,59.05,252.11,113.47,49.96,80.4,186.69,270.64,67.9,92.09,,17.94,96.78,88.15
2018-11-20 00:00:00-05:00,1495.46,59.87,255.51,111.33,49.82,78.47,183.71,267.05,67.18,91.76,,17.77,94.14,87.19
2018-11-21 00:00:00-05:00,1516.4,60.05,259.67,111.23,49.93,78.53,182.73,262.13,66.77,92.87,,17.7,94.16,87.01
2018-11-23 00:00:00-05:00,1502.08,60.73,262.73,111.49,49.52,78.87,181.92,258.84,65.7,94.9,,17.75,95.11,87.17
2018-11-26 00:00:00-05:00,1581.33,61.41,266.32,110.27,48.8,81.225,183.86,261.609,65.68,91.75,,17.78,95.13,88.34
2018-11-27 00:00:00-05:00,1582.0,60.56,268.39,109.87,49.99,76.79,184.58,266.68,66.05,93.36,,17.55,95.02,89.46
2018-11-28 00:00:00-05:00,1677.46,61.95,273.79,113.36,53.025,80.06,187.8575,282.78,66.81,94.48,,17.88,97.47,91.73
2018-11-29 00:00:00-05:00,1672.94,60.73,280.18,111.23,53.49,80.19,189.28,288.76,66.88,95.09,,18.06,97.29,91.87
2018-11-30 00:00:00-05:00,1691.55,60.27,277.38,110.55,51.07,78.3,188.435,286.1,66.74,96.71,,17.92,97.61,92.22
2018-12-03 00:00:00-05:00,1772.9,61.07,276.47,110.025,50.23,82.67,185.39,290.39,67.51,96.48,,17.92,98.75,92.12
2018-12-04 00:00:00-05:00,1668.64,58.3,265.91,107.76,49.79,77.78,185.24,275.33,66.67,91.93,,17.44,95.82,90.69
2018-12-06 00:00:00-05:00,1700.0,58.89,266.27,109.41,50.27,81.4,185.45,282.95,66.55,93.02,,17.57,94.83,91.495
2018-12-07 00:00:00-05:00,1629.11,56.72,258.32,104.86,49.51,76.8,182.96,265.14,65.47,88.2,,17.1,93.22,90.405
2018-12-10 00:00:00-05:00,1641.2,56.34,255.13,105.4,50.38,80.85,184.65,269.7,65.47,88.57,,17.16,93.92,90.26
2018-12-11 00:00:00-05:00,1643.4,56.06,252.16,101.76,48.18,80.92,183.61,265.45,65.9,88.14,,16.97,93.86,89.81
2018-12-12 00:00:00-05:00,1663.13,56.515,249.87,105.32,48.69,81.37,183.56,274.88,66.1,89.62,,17.03,93.11,90.47
2018-12-13 00:00:00-05:00,1659.74,56.58,250.16,104.23,48.89,79.66,186.42,276.02,66.9,87.45,,17.08,92.95,93.46
2018-12-14 00:00:00-05:00,1591.92,56.33,249.01,103.2,48.59,79.27,183.32,266.71,65.32,87.755,,16.71,91.86,91.72
2018-12-17 00:00:00-05:00,1519.75,56.33,242.19,98.9,47.76,75.9,180.81,262.96,64.5,86.2,,16.39,90.75,89.7
2018-12-18 00:00:00-05:00,1551.11,56.19,244.65,103.84,48.55,75.96,179.71,270.96,64.92,87.79,,16.51,91.07,90.09
2018-12-19 00:00:00-05:00,1494.83,55.045,239.23,100.66,47.89,72.8,179.21,266.68,64.05,86.36,,16.36,90.58,90.12
2018-12-20 00:00:00-05:00,1460.83,49.789,235.32,99.06,46.01,71.21,173.66,260.58,62.15,84.41,,15.83,87.26,87.11
2018-12-21 00:00:00-05:00,1376.73,47.85,239.49,99.2,44.27,68.85,174.19,246.2,61.39,81.64,,15.67,87.09,88.14
2018-12-24 00:00:00-05:00,1342.91,46.21,234.76,96.69,42.69,67.84,170.51,234.15,60.59,79.13,,15.01,85.85,87.12
2018-12-26 00:00:00-05:00,1470.81,47.49,248.91,98.55,44.49,72.38,174.03,253.54,63.17,83.81,,15.54,90.42,90.0
2018-12-27 00:00:00-05:00,1462.0,48.12,248.24,98.54,44.11,75.19,175.68,255.5,63.2,83.04,,15.48,91.6,90.9
2018-12-28 00:00:00-05:00,1475.18,48.7,249.59,98.3306,43.53,75.68,175.59,255.97,63.375,83.14,,15.64,92.12,91.63
2018-12-31 00:00:00-05:00,1492.38,49.055,246.78,99.435,43.85,75.98,176.65,266.3142,64.065,83.37,,15.56,92.71,91.56
2019-01-02 00:00:00-05:00,1536.73,49.755,242.995,100.01,44.77,75.47,176.07,267.67,64.24,84.2,,15.615,93.1699,91.41
2019-01-03 00:00:00-05:00,1502.07,47.47,240.15,98.4,44.685,71.335,175.01,271.91,61.59,80.05,,15.59,93.02,89.09
2019-01-04 00:00:00-05:00,1574.54,49.985,243.64,101.49,45.38,75.93,178.3,297.47,63.545,82.57,,15.905,93.35,91.49
2019-01-07 00:00:00-05:00,1631.12,50.68,246.5418,103.96,48.32,79.78,180.27,316.63,63.585,83.36,,16.17,94.58,91.38
2019-01-08 00:00:00-05:00,1655.835,51.855,242.285,105.64,50.86,81.09,180.67,320.39,63.635,82.395,,16.325,95.28,91.13
2019-01-09 00:00:00-05:00,1657.59,51.915,246.77,104.83,50.99,80.25,180.14,320.0,63.84,83.75,,16.375,94.9,91.1
2019-01-10 00:00:00-05:00,1655.5,52.26,246.78,105.76,49.33,80.9,181.44,324.74,64.195,81.33,,16.455,94.85,91.65
2019-01-11 00:00:00-05:00,1639.66,52.33,249.225,107.9,48.89,78.645,182.29,337.9254,63.69,80.0599,,16.515,94.79,90.83
2019-01-14 00:00:00-05:00,1619.8767,52.15,243.98,106.09,48.575,77.91,181.27,332.67,63.4,79.7,,16.45,95.05,90.0
2019-01-15 00:00:00-05:00,1672.75,52.89,247.92,107.26,47.675,76.47,181.35,354.32,64.0301,81.2,,16.395,96.21,90.36
2019-01-16 00:00:00-05:00,1681.9703,52.77,246.83,106.9,47.15,77.99,179.3299,350.7639,63.805,86.275,,16.44,96.32,89.775
2019-01-17 00:00:00-05:00,1691.37,53.53,258.27,107.81,48.46,79.62,180.96,353.82,64.2299,86.74,,16.295,96.72,90.645
2019-01-18 00:00:00-05:00,1693.2421,54.87,267.66,109.0,48.53,80.93,182.33,338.92,64.62,85.56,,16.405,97.59,92.37
2019-01-22 00:00:00-05:00,1628.398,54.43,262.105,108.42,47.26,74.56,184.18,324.5401,65.27,83.075,,16.68,97.17,91.87
2019-01-23 00:00:00-05:00,1636.55,54.19,272.9892,108.17,47.41,74.595,186.01,321.59,66.305,82.84,,17.055,98.575,92.685
2019-01-24 00:00:00-05:00,1654.97,54.99,277.18,107.48,47.265,77.35,187.405,326.8881,64.24,84.05,,17.38,98.32,92.87
2019-01-25 00:00:00-05:00,1668.6,55.475,283.64,106.37,46.515,80.8,183.98,337.94,66.895,84.125,,17.1,96.94,92.7134
2019-01-28 00:00:00-05:00,1636.185,56.31,279.41,107.36,47.43,81.07,183.45,335.53,66.84,84.51,,17.43,96.97,92.51
2019-01-29 00:00:00-05:00,1592.73,56.235,274.61,106.16,42.355,77.0,181.81,329.2,66.98,85.61,,17.1,96.63,92.54
2019-01-30 00:00:00-05:00,1670.2312,57.519,277.1,106.135,42.0801,79.965,181.66,340.8901,68.135,87.47,,17.335,94.74,93.5
2019-01-31 00:00:00-05:00,1720.41,57.57,284.025,104.84,40.64,80.45,179.97,339.57,68.655,87.305,,17.32,96.775,94.09
2019-02-01 00:00:00-05:00,1623.8,57.665,278.59,104.97,41.43,80.24,176.86,339.21,68.095,87.49,,17.275,93.68,94.105
2019-02-04 00:00:00-05:00,1630.5,58.195,280.27,107.1,43.7,81.37,177.48,351.0,67.53,88.61,,17.45,94.675,94.61
2019-02-05 00:00:00-05:00,1656.87,58.585,289.33,108.15,43.63,79.76,177.92,355.07,69.23,89.5099,,17.57,95.52,94.38
2019-02-06 00:00:00-05:00,1639.42,58.33,288.015,109.27,43.69,84.07,176.17,352.03,68.86,89.705,,17.615,95.67,94.54
2019-02-07 00:00:00-05:00,1611.6058,56.925,288.89,109.51,43.68,82.3801,175.33,344.3599,69.06,87.78,,17.72,96.6,94.58
2019-02-08 00:00:00-05:00,1585.7397,56.5,289.99,109.27,44.01,86.2,174.52,347.4,69.625,88.12,,17.7,95.4,94.41
2019-02-11 00:00:00-05:00,1591.8,56.815,294.309,110.245,44.61,78.12,174.27,345.84,69.98,89.16,,17.645,96.125,93.29
2019-02-12 00:00:00-05:00,1637.89,56.535,287.0401,111.3705,44.67,79.57,173.84,359.62,69.745,87.89,,17.72,96.92,93.94
2019-02-13 00:00:00-05:00,1640.3726,57.09,288.69,111.68,44.78,80.795,174.11,351.67,70.525,88.59,,17.705,97.86,93.38
2019-02-14 00:00:00-05:00,1623.8774,57.115,286.895,112.01,45.005,82.5011,176.27,359.66,70.85,88.22,,17.9,98.64,93.915
2019-02-15 00:00:00-05:00,1607.5299,57.17,281.41,112.03,45.48,83.19,179.855,356.5161,70.575,88.265,,18.02,99.665,94.13
2019-02-19 00:00:00-05:00,1627.4731,58.36,279.53,111.38,45.055,83.71,179.3,362.1,70.205,89.21,,17.895,102.11,
2019-02-20 00:00:00-05:00,1622.62,58.86,278.08,110.54,43.63,81.68,180.53,359.99,70.41,88.48,,17.64,99.88,
2019-02-21 00:00:00-05:00,1619.9,58.27,253.0001,111.1,43.89,79.49,182.84,356.91,70.7,88.82,,17.77,99.38,94.89
2019-02-22 00:00:00-05:00,1631.19,58.83,260.7,111.76,44.35,79.98,183.1,363.01,71.3,89.43,,17.71,99.54,95.38
2019-02-25 00:00:00-05:00,1633.0,58.57,255.9,111.09,44.45,81.66,182.61,363.92,71.04,89.55,,17.03,99.13,93.5
2019-02-26 00:00:00-05:00,1636.33,58.25,252.77,111.07,45.36,80.43,183.22,364.96,71.15,89.53,,17.12,98.69,93.38
2019-02-27 00:00:00-05:00,1641.09,57.68,252.47,111.33,45.58,81.28,183.37,362.8,70.15,87.6,,17.39,98.12,93.11
2019-02-28 00:00:00-05:00,1639.79,57.75,250.92,112.1,45.77,81.56,183.83,357.9,70.28,87.81,,17.34,98.99,94.53
2019-03-01 00:00:00-05:00,1671.26,57.84,250.74,111.65,45.47,82.99,185.05,357.16,70.85,86.89,,17.29,97.95,95.36
2019-03-04 00:00:00-05:00,1696.16,56.56,248.57,111.22,45.24,77.97,180.59,351.2,70.94,84.325,,17.27,97.84,95.14
2019-03-05 00:00:00-05:00,1691.81,57.12,249.29,110.66,45.2,79.37,181.33,354.18,71.58,85.05,,17.33,98.34,95.92
2019-03-06 00:00:00-05:00,1669.16,56.15,248.65,109.56,43.76,76.43,182.04,359.5,71.28,84.33,,16.7,98.26,96.62
2019-03-07 00:00:00-05:00,1626.28,55.39,247.83,108.45,43.38,73.83,180.55,352.62,70.6,82.61,,16.45,97.44,96.52
2019-03-08 00:00:00-05:00,1622.11,54.97,250.53,107.63,42.98,73.4,179.45,349.58,69.34,82.41,,16.98,97.575,96.66
2019-03-11 00:00:00-04:00,1670.32,55.43,246.98,108.78,42.94,76.35,181.05,358.86,69.67,82.36,,16.61,98.45,97.79
2019-03-12 00:00:00-04:00,1672.42,55.25,240.36,109.44,43.92,78.07,181.89,356.28,70.05,79.85,,16.45,98.4,97.97
2019-03-13 00:00:00-04:00,1690.8,56.1,245.4,110.04,44.35,76.21,182.06,361.18,70.09,81.22,,16.71,99.03,98.66
2019-03-14 00:00:00-04:00,1685.29,56.44,247.25,110.02,44.37,73.85,182.72,358.68,70.74,81.5,,16.81,98.23,98.97
2019-03-15 00:00:00-04:00,1712.91,56.59,244.27,110.66,43.74,74.98,185.27,361.78,70.681,81.68,,16.64,98.26,100.88
2019-03-18 00:00:00-04:00,1742.0,57.33,243.41,111.085,44.15,77.035,183.92,363.44,70.83,80.72,,16.73,99.67,100.25
2019-03-19 00:00:00-04:00,1762.7,57.15,248.76,110.38,43.53,70.58,183.2,359.06,71.38,81.36,,16.57,99.88,99.24
2019-03-20 00:00:00-04:00,1797.73,56.53,243.96,108.62,42.54,68.85,184.94,375.22,71.63,79.86,,16.32,98.64,98.55
2019-03-21 00:00:00-04:00,1818.4,57.25,244.88,116.105,43.18,69.76,186.37,377.92,72.25,81.0,,16.67,99.04,99.2
2019-03-22 00:00:00-04:00,1764.06,56.41,239.48,117.44,42.87,68.61,186.81,361.02,71.95,79.63,,16.47,98.29,98.96
2019-03-25 00:00:00-04:00,1774.07,56.66,242.56,118.69,43.48,67.86,185.75,366.26,72.32,78.12,,16.94,98.17,98.97
2019-03-26 00:00:00-04:00,1784.47,51.71,245.4,119.09,44.64,67.23,187.45,360.1,72.97,77.51,,16.98,98.33,98.75
2019-03-27 00:00:00-04:00,1766.0,50.65,247.59,119.01,44.15,66.17,187.58,353.28,72.74,78.53,,17.32,97.17,98.96
2019-03-28 00:00:00-04:00,1773.67,50.335,253.97,121.16,44.24,66.96,189.39,354.61,73.96,78.6,,17.67,97.16,99.14
2019-03-29 00:00:00-04:00,1781.09,50.72,258.23,121.47,44.38,69.45,189.83,356.56,74.34,79.765,,17.89,97.52,99.81
2019-04-01 00:00:00-04:00,1814.36,52.19,249.45,120.44,44.9325,70.52,188.34,366.96,73.95,80.88,,17.83,97.81,100.58
2019-04-02 00:00:00-04:00,1814.0,52.37,245.29,119.17,44.27,70.57,188.35,367.72,74.265,82.79,,17.94,96.95,100.18
2019-04-03 00:00:00-04:00,1820.41,53.2,253.05,118.45,43.29,70.87,188.35,369.58,74.32,84.21,,17.98,97.16,100.55
2019-04-04 00:00:00-04:00,1819.51,53.11,248.99,118.5,44.0,70.24,189.83,367.84,74.36,84.65,,18.195,98.12,100.44
2019-04-05 00:00:00-04:00,1837.65,53.08,254.56,119.06,44.37,71.2,190.71,365.61,75.02,84.9,,18.25,98.84,99.96
2019-04-08 00:00:00-04:00,1849.679,52.51,247.44,119.32,44.08,71.7,189.83,361.34,75.2,84.59,,18.03,99.22,99.58
2019-04-09 00:00:00-04:00,1836.52,51.92,247.86,117.05,43.05,70.24,190.13,364.73,75.13,84.28,,17.99,98.69,99.5
2019-04-10 00:00:00-04:00,1847.33,52.28,248.95,117.05,43.11,70.26,189.22,363.95,75.49,84.53,,17.99,99.61,100.02
2019-04-11 00:00:00-04:00,1844.5,52.47,255.54,116.35,42.64,69.39,188.88,367.65,75.87,85.76,,18.4,100.8,100.77
2019-04-12 00:00:00-04:00,1842.96,53.57,257.66,116.49,42.98,65.4,191.6,351.14,76.65,85.47,,18.43,101.57,101.4
2019-04-15 00:00:00-04:00,1844.85,53.75,258.85,115.85,42.3,65.32,191.85,348.8851,76.15,84.52,,18.57,102.44,101.64
2019-04-16 00:00:00-04:00,1862.92,54.82,255.44,115.73,42.28,66.28,191.7,359.61,75.715,85.18,,18.63,102.93,101.63
2019-04-17 00:00:00-04:00,1864.82,54.56,265.36,114.42,41.69,65.94,191.59,354.84,75.12,89.22,,18.79,103.13,101.49
2019-04-18 00:00:00-04:00,1861.4,53.64,267.6,116.9,42.75,64.08,194.95,360.35,76.07,88.27,,18.89,103.15,103.32
2019-04-22 00:00:00-04:00,1888.04,53.07,266.09,116.82,42.54,65.95,193.95,377.36,75.4,87.57,,18.69,102.38,103.18
2019-04-23 00:00:00-04:00,1924.17,53.74,270.25,117.0,43.13,67.96,195.25,381.88,76.0,87.98,,18.6,103.06,102.92
2019-04-24 00:00:00-04:00,1900.88,53.73,283.2,117.93,43.63,69.27,197.65,374.19,76.43,88.04,,18.49,103.55,103.35
2019-04-25 00:00:00-04:00,1902.16,53.84,276.43,119.12,43.74,69.78,197.95,368.34,77.0766,86.84,,18.75,103.52,103.52
2019-04-26 00:00:00-04:00,1950.9,54.44,273.42,121.67,44.76,66.78,197.45,375.02,77.51,87.94,,18.76,101.51,104.09
2019-04-29 00:00:00-04:00,1939.0,54.43,268.85,120.33,43.79,65.66,197.11,371.71,76.88,89.61,,18.71,101.54,103.78
2019-04-30 00:00:00-04:00,1926.53,54.85,270.6,117.57,42.86,66.8,197.52,370.51,77.69,88.86,,18.62,102.82,104.33
2019-05-01 00:00:00-04:00,1911.29,55.84,271.46,115.55,42.0,71.42,194.19,378.81,77.51,87.94,,18.63,101.34,101.94
2019-05-02 00:00:00-04:00,1901.72,54.33,274.32,117.81,43.16,69.01,194.61,379.05,77.46,88.31,,18.42,101.15,101.74
2019-05-03 00:00:00-04:00,1961.76,55.18,279.65,117.68,43.62,71.02,197.51,385.03,78.06,88.47,,18.42,102.07,102.72
2019-05-06 00:00:00-04:00,1950.29,54.85,281.87,118.68,43.71,71.11,198.94,378.73,78.06,87.76,,18.59,102.46,102.43
2019-05-07 00:00:00-04:00,1922.58,53.67,277.5,119.51,42.96,69.78,198.04,370.66,77.96,85.68,,18.47,101.31,101.45
2019-05-08 00:00:00-04:00,1916.85,54.03,283.15,118.87,42.43,68.26,198.11,364.39,78.04,84.64,,19.2,100.31,100.49
2019-05-09 00:00:00-04:00,1900.01,53.94,281.45,120.34,42.05,68.38,197.705,362.67,77.91,84.12,,18.82,99.54,100.72
2019-05-10 00:00:00-04:00,1889.98,54.33,278.36,121.74,42.64,66.6,200.09,360.9325,78.44,84.8,41.55,18.86,101.96,101.44
2019-05-13 00:00:00-04:00,1822.62,52.77,273.88,120.16,41.47,61.89,199.04,345.14,76.66,82.05,37.25,18.65,99.87,100.41
2019-05-14 00:00:00-04:00,1840.05,53.81,272.74,121.02,41.33,62.545,198.05,345.5542,77.055,83.44,39.9597,18.49,100.32,100.69
2019-05-15 00:00:00-04:00,1871.12,53.79,276.63,121.03,41.34,63.59,199.11,354.99,77.77,82.36,41.19,18.66,99.9,100.37
2019-05-16 00:00:00-04:00,1907.86,53.93,277.98,118.96,40.61,62.8,199.99,359.24,78.9,82.59,42.93,18.73,101.27,100.87
2019-05-17 00:00:00-04:00,1867.99,53.69,281.29,119.89,41.0,61.7,199.2,354.43,78.9,81.5,41.91,18.72,100.84,101.3
2019-05-20 00:00:00-04:00,1858.04,52.37,284.91,122.88,41.96,63.14,198.94,348.05,76.66,81.75,41.53,18.63,101.5,100.69
2019-05-21 00:00:00-04:00,1858.11,52.67,284.75,124.76,42.54,66.61,199.83,354.3,77.56,82.97,41.5,18.98,101.12,101.79
2019-05-22 00:00:00-04:00,1859.425,52.63,284.22,123.01,41.32,68.5,199.97,359.74,77.25,81.87,41.2554,19.1,102.23,101.48
2019-05-23 00:00:00-04:00,1815.67,51.625,285.6,120.74,38.88,66.13,198.98,352.23,76.41,80.92,40.47,19.01,101.85,101.37
2019-05-24 00:00:00-04:00,1823.3,51.63,282.82,120.15,38.82,65.83,197.89,354.39,76.16,80.79,41.47,18.98,102.68,101.0
2019-05-28 00:00:00-04:00,1836.56,51.26,280.83,118.1,38.45,64.42,196.61,354.61,75.7,79.81,40.89,18.53,102.42,99.76
2019-05-29 00:00:00-04:00,1820.2,51.6,277.74,115.93,37.81,63.98,195.97,349.21,75.33,79.26,39.9,18.4,102.13,99.63
2019-05-30 00:00:00-04:00,1815.81,51.56,277.28,117.64,38.7,63.77,199.27,351.83,76.17,79.455,39.8,18.42,102.19,101.56
2019-05-31 00:00:00-04:00,1775.07,51.2,279.18,116.27,37.58,65.15,198.27,343.25,76.06,77.65,40.3925,18.395,101.44,102.31
2019-06-03 00:00:00-04:00,1692.76,51.12,,116.43,,62.89,198.64,336.63,76.21,77.69,41.2595,18.63,101.95,
2019-06-04 00:00:00-04:00,1730.18,52.28,284.04,118.02,40.13,64.83,199.65,353.4,78.52,80.52,42.7499,19.29,102.56,106.96
2019-06-05 00:00:00-04:00,1739.48,50.89,285.37,118.04,39.15,61.62,200.16,355.8,79.96,81.86,45.005,19.425,104.42,107.3
2019-06-06 00:00:00-04:00,1754.6292,51.17,287.14,120.69,38.78,63.16,203.08,357.28,81.41,82.97,44.91,19.78,105.11,108.45
2019-06-07 00:00:00-04:00,1804.02,52.23,287.2,121.32,38.21,65.2,205.51,360.8,82.47,83.28,44.17,19.875,106.0258,109.06
2019-06-10 00:00:00-04:00,1860.63,53.18,282.69,118.98,38.99,64.65,201.28,352.01,81.92,82.67,42.625,19.5,107.51,108.62
2019-06-11 00:00:00-04:00,1863.7,53.17,280.15,119.03,39.94,70.06,203.26,351.27,82.37,82.79,42.5,19.42,107.91,107.55
2019-06-12 00:00:00-04:00,1855.3,53.4,282.0,117.84,40.5,69.94,204.99,345.54,82.94,83.79,42.15,19.38,108.82,108.95
2019-06-13 00:00:00-04:00,1870.748,52.885,281.34,118.92,40.15,72.92,204.49,343.57,83.36,87.13,44.3,19.49,108.65,108.98
2019-06-14 00:00:00-04:00,1870.17,53.12,280.7,119.67,39.55,70.16,205.29,339.73,84.25,87.14,43.23,19.39,109.07,109.79
2019-06-17 00:00:00-04:00,1886.0,52.29,282.16,118.29,39.95,72.01,203.79,350.61,83.0,86.77,43.77,19.33,109.15,109.16
2019-06-18 00:00:00-04:00,1902.15,52.39,282.35,117.94,38.81,71.3,204.51,356.99,82.92,87.41,43.86,19.41,109.67,108.71
2019-06-19 00:00:00-04:00,1909.03,52.85,280.59,117.46,38.085,71.56,204.57,363.49,83.8,88.68,44.84,19.53,109.62,109.47
2019-06-20 00:00:00-04:00,1917.95,48.81,281.8,118.68,38.24,71.74,205.08,365.07,84.68,87.1,43.86,19.55,110.3,110.62
2019-06-21 00:00:00-04:00,1911.1,46.6,280.01,121.23,37.88,71.18,204.23,368.88,83.82,86.72,43.99,19.38,111.14,110.27
2019-06-24 00:00:00-04:00,1913.96,46.0,274.58,122.14,37.31,72.17,203.94,371.04,83.65,86.55,43.09,19.16,111.26,110.66
2019-06-25 00:00:00-04:00,1878.64,45.45,277.31,123.13,38.27,75.91,205.71,360.41,84.25,85.06,43.08,19.47,110.72,110.31
2019-06-26 00:00:00-04:00,1897.75,45.36,275.8,120.01,38.31,76.82,204.52,362.09,83.39,85.33,42.54,19.5,110.17,110.12
2019-06-27 00:00:00-04:00,1903.67,45.91,277.95,121.53,39.04,76.16,206.232,370.02,83.56,86.43,45.11,19.49,110.11,110.54
2019-06-28 00:00:00-04:00,1889.83,46.53,278.06,121.71,39.38,77.97,207.58,367.67,83.82,87.54,46.14,19.58,110.44,110.52
2019-07-01 00:00:00-04:00,1922.26,46.3,270.97,121.59,38.98,76.55,206.32,374.6,84.57,88.45,44.27,19.14,110.63,109.5
2019-07-02 00:00:00-04:00,1934.79,46.53,273.87,120.81,39.14,75.9,209.46,375.69,85.5,88.87,43.99,19.45,111.61,110.9
2019-07-03 00:00:00-04:00,1939.0,46.1725,281.29,121.73,38.62,76.98,212.7,381.915,87.7995,90.71,44.235,19.79,112.29,110.99
2019-07-05 00:00:00-04:00,1943.1,46.91,278.27,123.64,39.42,77.85,211.31,380.55,87.79,90.6,43.515,19.79,112.0,110.25
2019-07-08 00:00:00-04:00,1952.33,46.42,277.27,124.99,38.8,75.8,212.17,376.0413,87.43,90.66,42.96,19.67,112.7499,110.05
2019-07-09 00:00:00-04:00,1987.35,45.92,279.94,122.56,38.69,77.32,212.08,379.81,87.23,89.45,44.19,19.64,112.92,110.47
2019-07-10 00:00:00-04:00,2017.77,45.51,275.35,121.5,38.1,77.05,213.0,380.99,88.38,89.52,43.695,19.53,112.98,110.98
2019-07-11 00:00:00-04:00,2001.07,45.83,277.66,122.35,38.38,73.99,212.68,379.42,89.07,89.47,43.99,19.44,113.91,111.5
2019-07-12 00:00:00-04:00,2010.02,46.26,282.22,124.71,38.7,75.86,212.95,373.24,89.77,91.23,43.97,19.56,114.59,111.03
2019-07-15 00:00:00-04:00,2021.0,46.95,270.01,125.43,39.66,76.47,214.18,366.62,90.16,91.31,44.53,19.24,114.98,111.92
2019-07-16 00:00:00-04:00,2010.0,46.45,246.54,123.21,39.84,75.0,213.7,365.98,90.08,94.01,44.1432,19.2,114.74,111.52
2019-07-17 00:00:00-04:00,1992.16,45.64,253.01,122.21,39.72,74.74,213.73,362.65,90.26,94.75,43.61,19.1,114.6,111.77
2019-07-18 00:00:00-04:00,1978.67,45.49,252.76,124.06,39.56,74.91,215.89,325.21,91.499,95.25,43.73,19.31,114.72,113.07
2019-07-19 00:00:00-04:00,1965.0,45.09,257.88,124.39,39.63,75.35,213.91,315.1,90.29,93.82,43.18,19.15,113.92,112.54
2019-07-22 00:00:00-04:00,1985.92,45.1,255.49,125.46,40.6,73.89,215.01,310.62,90.92,93.84,43.68,18.85,112.81,113.25
2019-07-23 00:00:00-04:00,1994.47,46.21,257.75,125.18,40.16,73.0,214.29,307.31,90.12,94.93,43.34,18.75,112.06,112.92
2019-07-24 00:00:00-04:00,2001.04,47.13,262.23,124.24,40.39,73.73,212.79,317.82,90.65,95.1,43.77,18.77,111.96,112.62
2019-07-25 00:00:00-04:00,1975.02,46.63,260.58,123.61,38.65,73.01,214.604,326.61,91.06,93.93,43.41,18.87,112.25,112.89
2019-07-26 00:00:00-04:00,1943.05,47.27,259.22,125.95,39.94,74.65,215.52,335.87,99.11,93.36,44.52,18.95,113.02,114.01
2019-07-29 00:00:00-04:00,1912.87,47.35,252.49,126.63,40.71,79.64,214.99,332.7,98.02,93.4,43.88,18.61,112.27,114.08
2019-07-30 00:00:00-04:00,1899.22,47.39,247.51,124.66,40.47,69.93,212.3,325.99,96.65,93.96,42.61,18.48,112.06,113.24
2019-07-31 00:00:00-04:00,1866.39,47.25,244.49,121.59,39.83,67.63,210.69,322.99,94.68,91.9,42.14,18.18,110.38,112.55
2019-08-01 00:00:00-04:00,1855.33,46.67,245.83,120.88,40.23,66.57,211.25,319.57,95.38,90.49,41.31,18.11,109.41,116.94
2019-08-02 00:00:00-04:00,1823.52,45.95,244.74,120.09,40.93,69.73,214.46,319.06,95.51,89.42,40.4,18.09,109.43,117.35
2019-08-05 00:00:00-04:00,1765.13,45.2,239.76,117.99,39.7,69.099,210.49,307.61,93.69,85.57,39.05,17.67,105.82,115.07
2019-08-06 00:00:00-04:00,1787.44,45.07,242.64,117.91,39.39,69.7,214.16,310.11,95.31,85.46,39.13,18.11,107.27,116.05
2019-08-07 00:00:00-04:00,1793.39,45.43,245.74,118.93,38.22,69.455,216.83,304.23,95.19,86.48,39.7,19.57,108.23,116.24
2019-08-08 00:00:00-04:00,1834.26,46.46,246.75,122.04,39.68,69.42,218.01,315.83,96.28,87.67,42.975,19.96,108.52,117.37
2019-08-09 00:00:00-04:00,1807.88,45.99,247.83,122.43,39.95,66.27,221.15,309.0,96.3,87.0,40.035,19.84,107.28,119.02
2019-08-12 00:00:00-04:00,1784.75,45.55,240.13,120.67,39.85,65.72,217.09,310.82,94.9,84.69,37.015,19.51,105.19,116.63
2019-08-13 00:00:00-04:00,1824.29,45.95,240.61,121.16,38.64,65.52,219.73,312.33,96.63,84.57,36.45,19.68,107.43,117.12
2019-08-14 00:00:00-04:00,1762.96,44.71,236.07,116.8,37.01,60.91,216.45,299.11,94.91,81.9,33.96,19.69,106.23,115.54
2019-08-15 00:00:00-04:00,1775.41,44.285,232.59,114.87,37.02,58.53,218.28,295.91,95.54,81.59,33.21,19.78,112.7,116.4
2019-08-16 00:00:00-04:00,1791.8,44.93,234.94,117.14,38.45,59.93,218.49,302.75,96.51,82.94,35.2204,19.94,112.99,115.64
2019-08-19 00:00:00-04:00,1816.83,45.74,232.02,119.6,39.7,60.92,218.73,309.41,96.66,83.9,34.58,20.42,113.79,116.49
2019-08-20 00:00:00-04:00,1801.35,45.36,232.44,118.85,38.04,61.59,218.49,299.03,95.62,84.02,35.28,20.66,112.11,116.58
2019-08-21 00:00:00-04:00,1823.38,45.95,231.57,119.51,39.35,61.86,220.71,297.81,96.32,85.3,34.91,20.81,112.01,117.25
2019-08-22 00:00:00-04:00,1804.25,45.08,231.55,120.88,40.32,60.91,219.44,296.86,96.51,85.54,34.0,21.18,111.937,117.35
2019-08-23 00:00:00-04:00,1750.77,43.29,226.13,120.54,38.67,57.87,214.75,291.54,94.81,82.55,33.42,21.07,110.82,115.34
2019-08-26 00:00:00-04:00,1770.0,43.48,227.79,121.23,38.39,58.51,216.96,295.11,96.5,83.63,33.3,21.53,111.99,117.26
2019-08-27 00:00:00-04:00,1761.92,43.03,222.48,119.52,38.35,56.5,216.09,291.0,96.08,81.93,33.11,21.46,112.35,117.01
2019-08-28 00:00:00-04:00,1764.0,43.4,225.8,120.21,38.19,57.54,218.01,291.81,97.06,82.43,32.59,21.66,112.65,116.96
2019-08-29 00:00:00-04:00,1786.46,44.0,225.4,121.83,38.5,58.79,220.4535,296.78,97.69,84.72,32.76,22.14,114.05,117.26
2019-08-30 00:00:00-04:00,1776.19,44.05,226.77,120.91,38.01,59.35,217.89,293.72,96.54,84.32,32.55,22.005,114.19,116.68
2019-09-03 00:00:00-04:00,1789.51,43.685,226.88,119.55,38.12,56.72,217.15,289.21,96.77,83.14,30.7,21.805,114.65,116.72
2019-09-04 00:00:00-04:00,1800.46,43.88,239.07,122.14,39.37,58.7,218.45,291.52,96.11,83.93,31.99,22.26,115.89,117.87
2019-09-05 00:00:00-04:00,1840.73,45.11,245.18,124.12,39.39,60.43,219.48,293.25,95.57,85.86,32.49,22.785,115.45,118.14
2019-09-06 00:00:00-04:00,1833.51,45.72,237.4,125.49,39.47,60.43,220.04,290.11,95.75,86.31,31.845,22.38,114.72,119.24
2019-09-09 00:00:00-04:00,1831.29,47.6,239.27,127.56,40.34,62.76,217.26,294.34,94.15,87.33,32.24,21.95,116.36,117.8
2019-09-10 00:00:00-04:00,1821.31,49.67,243.57,126.97,42.47,64.35,209.62,288.24,90.36,87.55,33.51,19.69,116.03,115.27
2019-09-11 00:00:00-04:00,1822.49,49.71,249.05,127.19,42.4,66.6305,210.19,288.24,90.97,88.38,34.0,19.605,115.97,113.82
2019-09-12 00:00:00-04:00,1843.0,49.64,246.66,126.06,42.2,67.09,212.15,288.86,92.07,89.39,34.09,19.645,116.98,113.27
2019-09-13 00:00:00-04:00,1839.34,50.55,245.16,127.33,43.5,66.4,209.845,294.07,90.46,91.38,33.25,19.425,117.43,111.35
2019-09-16 00:00:00-04:00,1808.23,48.91,244.83,126.9,43.56,65.9,207.38,294.33,89.42,88.76,34.41,19.55,115.51,110.53
2019-09-17 00:00:00-04:00,1822.62,49.37,243.53,126.03,44.1,64.45,209.85,298.55,90.74,90.0,34.29,20.07,116.48,112.79
2019-09-18 00:00:00-04:00,1817.59,48.84,245.0,127.2,44.2,63.75,210.4,291.67,91.01,90.23,34.26,20.11,117.16,114.57
2019-09-19 00:00:00-04:00,1821.54,48.38,246.91,120.69,43.33,60.47,210.48,286.58,91.57,89.42,33.82,20.55,117.07,114.04
2019-09-20 00:00:00-04:00,1794.89,48.22,247.58,119.8,43.35,59.76,209.39,270.75,90.06,89.09,32.58,20.76,116.93,112.3
2019-09-23 00:00:00-04:00,1784.29,47.72,246.02,119.19,43.24,56.97,211.52,265.87,90.81,88.2,32.99,20.48,117.62,113.58
2019-09-24 00:00:00-04:00,1742.34,47.62,243.0,117.82,42.09,56.48,212.12,254.58,89.96,88.34,31.3,20.19,118.47,112.21
2019-09-25 00:00:00-04:00,1768.08,48.06,241.42,118.5,42.41,56.38,212.59,264.75,90.39,89.18,31.65,20.18,118.48,111.54
2019-09-26 00:00:00-04:00,1740.12,43.96,239.4,116.46,41.92,55.94,212.62,263.34,89.79,88.48,31.55,20.04,118.32,112.81
2019-09-27 00:00:00-04:00,1725.85,43.53,240.35,116.35,42.31,55.84,213.21,263.09,88.36,88.15,30.2698,20.0,118.44,113.0
2019-09-30 00:00:00-04:00,1736.12,43.72,244.61,118.23,42.67,56.22,214.7099,267.63,88.43,88.41,30.43,19.98,118.71,113.43
2019-10-01 00:00:00-04:00,1736.11,42.5,245.86,117.01,42.26,56.43,209.07,269.58,86.52,87.82,29.16,20.04,117.85,112.89
2019-10-02 00:00:00-04:00,1713.23,41.44,241.83,115.86,41.45,53.15,206.15,268.06,84.33,83.65,29.0,19.93,116.14,112.67
2019-10-03 00:00:00-04:00,1724.25,41.0,243.36,115.47,42.3,54.05,209.88,268.28,84.66,83.24,29.72,20.265,116.32,113.65
2019-10-04 00:00:00-04:00,1739.4,41.14,242.13,116.42,41.38,56.39,211.65,272.73,85.92,84.3,29.62,20.69,118.15,114.66
2019-10-07 00:00:00-04:00,1732.5,40.88,242.2,115.72,41.75,54.93,211.96,274.47,85.86,84.9,30.41,20.12,117.23,113.7
2019-10-08 00:00:00-04:00,1705.25,40.11,253.94,113.94,41.25,52.28,211.09,270.73,84.9,84.68,29.27,19.98,117.565,112.59
2019-10-09 00:00:00-04:00,1721.79,40.54,248.24,112.47,40.78,52.82,212.81,267.52,85.83,86.43,29.04,20.115,118.92,113.33
2019-10-10 00:00:00-04:00,1720.56,40.95,254.81,112.05,39.9,53.62,211.87,280.5,85.97,87.35,28.87,20.0,119.64,114.38
2019-10-11 00:00:00-04:00,1729.98,41.55,257.76,113.04,40.49,55.14,208.97,282.77,86.35,87.19,30.09,20.76,120.2303,114.42
2019-10-14 00:00:00-04:00,1736.5,42.04,252.23,110.42,40.01,54.44,208.43,285.47,86.62,86.96,31.12,21.155,119.16,112.83
2019-10-15 00:00:00-04:00,1767.35,42.49,255.72,110.29,39.67,56.05,207.27,284.27,86.42,87.92,32.02,20.9,119.52,111.3
2019-10-16 00:00:00-04:00,1777.42,42.38,255.96,110.01,39.75,55.66,208.54,286.6207,86.75,89.7,31.85,21.25,119.42,111.47
2019-10-17 00:00:00-04:00,1787.47,42.45,256.45,109.14,40.5,57.33,206.87,293.3091,86.29,89.46,32.57,21.4,119.86,110.38
2019-10-18 00:00:00-04:00,1757.79,42.79,255.92,110.45,40.23,55.69,208.46,275.28,86.0,90.09,32.04,21.6,119.15,112.4
2019-10-21 00:00:00-04:00,1785.835,43.12,257.38,110.17,41.12,55.74,209.85,278.05,85.35,90.78,31.405,21.6,119.76,112.31
2019-10-22 00:00:00-04:00,1765.34,42.55,258.87,108.81,42.01,56.14,199.31,266.69,83.43,89.67,32.525,21.65,119.59,110.15
2019-10-23 00:00:00-04:00,1761.99,44.01,256.135,110.38,42.35,56.24,199.07,271.26,82.74,89.89,33.04,21.47,119.36,109.32
2019-10-24 00:00:00-04:00,1781.5935,43.9,263.51,110.41,42.75,56.34,196.06,271.49,83.19,89.8,33.235,21.31,119.1,108.96
2019-10-25 00:00:00-04:00,1762.0,44.57,271.66,112.38,44.53,59.02,194.55,276.88,83.34,91.64,32.66,21.33,119.03,109.1
2019-10-28 00:00:00-04:00,1777.04,44.18,269.11,111.35,43.67,58.39,191.81,281.93,83.6,92.18,33.21,20.94,119.22,109.51
2019-10-29 00:00:00-04:00,1763.04,44.17,263.19,113.76,45.14,33.11,192.6,281.2,84.1,91.0599,32.42,21.03,117.15,109.74
2019-10-30 00:00:00-04:00,1780.0,43.21,270.91,112.99,46.54,34.0,196.92,291.45,84.25,91.68,33.71,21.145,118.1,103.34
2019-10-31 00:00:00-04:00,1777.1431,42.89,271.57,112.29,44.44,34.07,196.63,287.44,84.56,90.85,31.48,21.18,117.26,101.71
2019-11-01 00:00:00-04:00,1791.47,42.95,269.32,112.17,45.24,33.73,193.96,286.975,83.25,91.59,31.34,20.725,117.62,99.64
2019-11-04 00:00:00-05:00,1805.27,44.21,269.23,110.95,46.09,35.0,188.67,292.99,82.39,92.37,31.08,20.56,117.52,98.46
2019-11-05 00:00:00-05:00,1801.7,44.87,276.12,112.77,47.25,35.63,192.13,288.03,81.88,93.13,28.0125,20.84,118.87,97.94
2019-11-06 00:00:00-05:00,1795.94,44.38,277.78,112.78,46.63,36.14,194.19,288.59,83.0,93.34,26.935,20.77,119.5,100.08
2019-11-07 00:00:00-05:00,1788.2,45.06,282.74,113.5,46.48,34.62,193.12,289.58,81.95,93.805,27.34,20.99,120.26,99.68
2019-11-08 00:00:00-05:00,1785.88,45.04,280.75,114.9,46.11,36.2,193.61,291.57,81.77,93.45,27.02,20.645,119.43,98.93
2019-11-11 00:00:00-05:00,1771.9,44.68,280.73,114.32,45.57,37.15,192.65,294.18,82.44,93.54,27.13,20.79,119.05,98.83
2019-11-12 00:00:00-05:00,1778.23,44.49,277.83,112.43,44.56,37.29,193.26,291.9,83.32,92.71,26.7,20.65,119.14,98.33
2019-11-13 00:00:00-05:00,1753.4,44.06,279.4,112.61,44.5,36.65,194.97,283.02,83.96,92.41,26.71,20.92,120.99,98.36
2019-11-14 00:00:00-05:00,1754.65,44.45,278.72,112.49,43.97,38.49,194.07,289.66,84.37,92.49,26.01,20.89,120.651,98.14
2019-11-15 00:00:00-05:00,1739.08,44.845,281.38,112.6,44.1,39.79,193.97,295.0,84.22,92.53,26.8,20.581,118.89,98.28
2019-11-18 00:00:00-05:00,1752.86,44.69,284.61,113.24,45.45,41.01,194.24,302.62,84.02,92.77,26.75,20.45,120.21,98.29
2019-11-19 00:00:00-05:00,1753.16,44.5,285.68,113.49,44.99,40.05,193.45,302.54,83.66,93.32,27.03,20.615,119.91,98.1
2019-11-20 00:00:00-05:00,1746.6335,43.67,288.1,114.76,43.85,40.57,194.13,305.29,83.6,91.7,28.03,20.72,119.13,98.125
2019-11-21 00:00:00-05:00,1735.0,43.02,284.13,113.46,43.49,41.75,192.34,311.7,82.28,90.97,29.46,20.355,119.88,97.89
2019-11-22 00:00:00-05:00,1745.85,43.68,285.69,114.67,43.96,42.7,193.15,310.49,83.0,91.81,29.565,20.92,119.34,97.64
2019-11-25 00:00:00-05:00,1773.69,44.49,293.06,115.64,44.93,42.66,191.94,315.68,83.77,92.48,29.13,21.48,118.88,98.03
2019-11-26 00:00:00-05:00,1796.99,44.68,289.08,117.18,44.04,42.34,194.0,312.02,84.55,92.77,29.53,21.58,119.17,99.76
2019-11-27 00:00:00-05:00,1818.23,45.22,295.29,117.46,44.41,43.23,196.3,315.93,85.74,93.06,29.48,21.8,118.76,100.64
2019-11-29 00:00:00-05:00,1800.96,45.09,294.38,118.43,44.76,43.04,194.53,314.71,85.44,92.83,29.59,21.4488,119.1732,100.65
2019-12-02 00:00:00-05:00,1781.61,44.5,294.05,119.33,45.86,42.27,195.2,310.02,84.58,91.67,28.99,21.99,119.26,100.52
2019-12-03 00:00:00-05:00,1770.33,43.55,284.3,118.5,44.65,42.9,193.22,306.13,84.83,88.89,29.03,21.39,118.67,99.45
2019-12-04 00:00:00-05:00,1760.48,43.89,286.03,117.98,44.0,42.61,194.37,304.28,85.4,88.17,29.06,21.43,118.69,99.21
2019-12-05 00:00:00-05:00,1740.48,44.2,286.95,118.49,42.68,40.16,194.25,302.87,84.46,87.87,28.63,21.5,118.69,98.53
2019-12-06 00:00:00-05:00,1751.59,44.77,286.64,119.82,43.31,41.0,195.35,307.27,86.33,88.58,27.87,21.57,119.77,98.76
2019-12-09 00:00:00-05:00,1749.42,45.41,286.32,118.11,42.65,39.52,194.7,302.4795,86.29,87.6,27.7,21.7,119.35,99.01
2019-12-10 00:00:00-05:00,1739.49,45.32,285.35,118.6,41.27,39.05,194.95,293.33,86.06,86.53,27.9,21.48,119.13,99.24
2019-12-11 00:00:00-05:00,1748.9,45.79,293.81,117.43,41.07,40.2,194.72,298.86,86.59,87.02,28.43,21.5,118.99,99.41
2019-12-12 00:00:00-05:00,1760.18,46.88,296.59,116.29,42.39,42.58,196.27,298.44,88.22,88.47,28.67,21.51,119.74,99.85
2019-12-13 00:00:00-05:00,1760.93,47.46,294.99,115.574,42.21,43.5,197.18,298.5,88.685,87.58,28.5,21.83,120.35,100.11
2019-12-16 00:00:00-05:00,1769.21,46.99,292.15,116.02,42.32,45.02,197.85,304.1,88.76,88.63,30.03,22.125,120.55,100.88
2019-12-17 00:00:00-05:00,1790.66,47.19,291.72,116.04,42.39,45.76,196.5,315.41,88.15,89.36,29.73,22.37,121.28,99.6
2019-12-18 00:00:00-05:00,1782.36,46.59,284.37,116.3,42.22,46.4738,195.75,320.4,87.99,88.84,30.13,22.0,119.87,98.75
2019-12-19 00:00:00-05:00,1792.29,46.64,292.0,109.05,41.84,48.5,197.05,332.22,88.49,89.22,29.96,22.125,120.05,99.82
2019-12-20 00:00:00-05:00,1786.57,50.21,291.98,110.24,41.95,48.99,197.16,336.97,88.47,89.33,30.49,22.265,120.29,100.59
2019-12-23 00:00:00-05:00,1793.0,51.27,288.27,108.73,42.14,48.63,196.23,333.1,88.22,89.44,30.3385,22.03,119.03,99.8
2019-12-24 00:00:00-05:00,1789.63,50.93,289.7,108.5,42.08,48.58,196.68,333.28,88.52,89.14,30.48,22.17,119.52,100.36
2019-12-26 00:00:00-05:00,1869.02,51.34,292.24,108.92,42.07,49.06,197.16,332.62,88.08,89.25,30.68,22.14,119.55,101.8
2019-12-27 00:00:00-05:00,1869.26,51.33,292.41,107.99,41.22,49.07,198.16,329.09,88.13,88.37,30.18,22.17,119.57,101.93
2019-12-30 00:00:00-05:00,1847.18,51.03,293.25,108.98,42.05,48.34,196.99,323.31,87.43,87.94,29.75,22.16,119.42,100.62
2019-12-31 00:00:00-05:00,1847.64,50.82,293.83,109.03,42.01,48.61,197.55,323.53,87.92,88.09,29.73,22.21,118.79,100.75
2020-01-02 00:00:00-05:00,1897.71,51.31,293.46,112.26,42.28,47.24,200.8,329.82,89.35,89.71,30.99,22.34,118.94,102.18
2020-01-03 00:00:00-05:00,1874.93,49.88,294.79,112.38,41.78,47.17,200.02,325.9,88.83,87.9,31.37,22.37,117.86,101.84
2020-01-06 00:00:00-05:00,1903.33,48.38,293.88,113.11,42.31,49.19,202.33,335.83,88.13,87.7,31.58,22.13,117.65,101.79
2020-01-07 00:00:00-05:00,1906.86,48.5,291.75,112.15,42.25,48.62,202.63,330.775,87.87,86.78,32.81,21.95,116.53,101.97
2020-01-08 00:00:00-05:00,1892.09,48.77,290.56,113.85,42.76,54.77,205.86,339.14,88.89,87.28,33.93,21.72,116.18,102.14
2020-01-09 00:00:00-05:00,1901.0,49.21,288.9,114.39,42.62,55.76,208.32,335.6448,90.51,87.955,33.96,21.77,117.36,102.96
2020-01-10 00:00:00-05:00,1882.98,48.85,288.99,114.56,42.24,52.36,207.29,329.09,90.16,87.31,33.99,21.61,116.38,101.7
2020-01-13 00:00:00-05:00,1891.41,49.37,284.06,113.28,42.28,53.69,206.54,338.94,91.08,86.87,34.14,21.36,115.86,100.34
2020-01-14 00:00:00-05:00,1869.2,50.22,285.1,112.19,42.53,54.69,207.3,338.73,90.99,87.93,34.83,21.43,116.17,100.71
2020-01-15 00:00:00-05:00,1862.01,50.45,288.56,111.3,42.61,55.21,209.66,339.19,91.55,88.29,35.01,21.59,115.28,101.27
2020-01-16 00:00:00-05:00,1877.95,51.35,287.37,112.99,44.41,56.26,210.91,338.76,92.59,89.54,34.67,21.51,115.87,102.18
2020-01-17 00:00:00-05:00,1864.71,51.9,286.46,113.52,44.2,55.98,211.91,339.65,93.61,89.7,35.12,21.69,114.93,105.39
2020-01-21 00:00:00-05:00,1892.55,50.68,285.3,114.56,44.075,55.7,211.22,338.33,92.54,85.72,37.62,21.66,115.59,105.6
2020-01-22 00:00:00-05:00,1887.46,49.87,285.98,114.96,43.92,56.35,211.42,326.0,92.52,83.33,37.06,22.0,116.11,106.49
2020-01-23 00:00:00-05:00,1884.58,49.44,288.02,117.61,45.38,57.74,213.4,349.6,93.74,84.87,37.41,22.2,115.82,105.97
2020-01-24 00:00:00-05:00,1861.64,47.52,285.13,117.09,45.77,58.57,211.28,353.14,92.03,81.91,36.83,22.09,114.37,104.96
2020-01-27 00:00:00-05:00,1828.89,45.275,282.95,116.38,44.28,56.91,209.33,342.99,88.73,77.62,36.31,22.06,115.84,104.38
2020-01-28 00:00:00-05:00,1853.33,46.51,284.18,117.42,43.77,57.21,210.43,348.52,88.6,77.01,37.0,21.79,116.58,104.8
2020-01-29 00:00:00-05:00,1858.0,46.505,285.46,119.21,44.58,56.29,214.41,343.23,86.76,75.21,37.0,22.03,115.91,106.62
2020-01-30 00:00:00-05:00,1870.8896,44.75,282.43,118.22,43.74,55.91,216.2,347.7,85.84,77.75,36.68,21.9,116.57,106.6
2020-01-31 00:00:00-05:00,2007.75,43.47,281.69,116.4,42.64,54.12,213.88,345.05,84.84,74.78,36.3,21.67,114.46,105.77
2020-02-03 00:00:00-05:00,2003.25,42.74,270.75,114.93,40.95,53.78,215.13,357.79,86.0,74.91,37.58,21.95,114.26,106.4
2020-02-04 00:00:00-05:00,2049.78,43.56,273.39,115.56,40.89,56.0,214.65,368.95,88.38,78.89,38.53,22.37,115.27,106.71
2020-02-05 00:00:00-05:00,2039.62,44.14,278.02,117.51,41.89,55.44,214.38,369.72,87.56,81.85,36.88,22.275,116.83,106.78
2020-02-06 00:00:00-05:00,2050.37,43.78,279.46,121.5,42.7,54.62,212.83,367.12,86.15,80.51,37.09,21.9,116.295,103.73
2020-02-07 00:00:00-05:00,2079.21,42.2,275.5,120.71,42.0,50.56,211.6,366.77,86.42,79.48,40.64,21.94,116.45,102.03
2020-02-10 00:00:00-05:00,2134.55,41.79,274.86,121.79,42.79,52.83,213.27,371.2301,87.54,79.47,40.02,22.16,115.27,102.88
2020-02-11 00:00:00-05:00,2152.27,42.95,275.77,122.24,42.98,51.84,215.81,373.72,87.51,80.52,41.27,22.48,115.4,104.05
2020-02-12 00:00:00-05:00,2161.34,44.06,281.03,122.44,43.11,51.84,217.46,380.12,88.56,82.2,41.25,22.87,115.84,105.36
2020-02-13 00:00:00-05:00,2151.12,43.21,286.06,122.26,42.03,51.12,217.47,381.27,89.92,81.01,40.09,22.92,117.46,105.03
2020-02-14 00:00:00-05:00,2135.48,42.6,291.69,121.71,41.59,50.4,217.07,380.4,89.3,79.59,39.63,22.9,117.88,105.27
2020-02-18 00:00:00-05:00,2155.67,42.915,295.77,120.51,40.44,52.19,216.16,387.77,89.24,80.23,40.17,23.22,119.66,104.03
2020-02-19 00:00:00-05:00,2170.21,43.33,297.11,120.68,40.17,54.59,215.63,386.37,90.14,79.42,41.04,23.32,117.68,105.18
2020-02-20 00:00:00-05:00,2153.59,42.5,373.15,120.68,40.66,58.29,215.06,386.0,88.63,79.9,40.915,23.6,117.68,103.87
2020-02-21 00:00:00-05:00,2095.97,41.69,372.02,121.1,40.48,55.94,215.88,379.94,87.36,77.99,40.72,23.93,118.59,103.5
2020-02-24 00:00:00-05:00,2008.74,37.77,362.91,117.91,39.67,54.5892,213.55,368.67,84.51,75.48,38.32,23.39,116.34,100.26
2020-02-25 00:00:00-05:00,1970.65,35.84,368.79,111.7,38.41,51.98,212.1,360.09,82.19,70.58,35.89,22.96,114.42,97.95
2020-02-26 00:00:00-05:00,1979.61,33.15,366.38,107.07,35.935,49.36,210.17,379.23,80.66,66.525,34.46,21.91,113.79,97.51
2020-02-27 00:00:00-05:00,1882.88,31.85,347.74,99.3,33.95,46.19,200.93,371.54,78.27,64.94,32.395,20.07,110.36,92.69
2020-02-28 00:00:00-05:00,1889.18,33.5,339.21,97.5,34.35,48.14,194.25,369.91,78.43,61.6,33.87,18.89,107.77,89.32
2020-03-02 00:00:00-05:00,1954.0,33.05,347.41,98.8,34.64,48.6,202.55,381.26,82.4,61.26,32.83,19.63,115.94,92.55
2020-03-03 00:00:00-05:00,1908.88,31.83,339.47,95.3,35.25,48.98,199.39,368.96,78.64,58.3,33.03,19.15,112.91,91.31
2020-03-04 00:00:00-05:00,1976.46,32.46,341.9,95.05,35.3,52.8,207.03,383.99,79.67,59.47,34.52,20.0525,116.76,94.64
2020-03-05 00:00:00-05:00,1924.03,27.87,333.03,87.96,31.55,51.64,198.25,372.78,76.19,51.55,32.21,19.27,115.91,90.92
2020-03-06 00:00:00-05:00,1901.14,27.1401,336.47,88.19,30.3,51.93,198.95,368.9,75.33,52.1,31.68,19.2,117.25,89.43
2020-03-09 00:00:00-04:00,1800.01,21.735,336.26,77.43,24.68,49.52,186.85,346.03,70.8,46.67,28.1568,18.64,117.1,83.58
2020-03-10 00:00:00-04:00,1894.0,24.0185,344.05,82.6,26.46,48.73,199.88,364.27,74.9,52.56,28.97,19.81,119.82,86.8
2020-03-11 00:00:00-04:00,1819.63,21.752,332.66,70.21,21.5,42.62,188.16,349.59,68.1,49.34,26.245,18.02,114.42,80.96
2020-03-12 00:00:00-04:00,1676.21,14.9631,315.61,59.17,17.18,35.5,170.12,312.63,62.1,37.0777,22.61,15.63,104.05,78.46
2020-03-13 00:00:00-04:00,1786.31,17.58,316.63,65.33,17.15,37.87,177.13,336.3,70.05,41.64,22.59,16.8,114.09,78.46
2020-03-16 00:00:00-04:00,1688.0,14.57,285.75,49.2,10.5,36.33,149.01,296.84,58.41,35.41,20.29,12.3485,106.75,69.83
2020-03-17 00:00:00-04:00,1807.38,12.71,298.67,41.93,8.58,40.81,147.64,319.7401,58.98,30.74,18.91,10.51,119.185,65.49
2020-03-18 00:00:00-04:00,1832.39,9.29,291.53,34.15,7.61,35.87,137.3,317.33,56.36,21.38,14.82,7.45,122.61,60.69
2020-03-19 00:00:00-04:00,1880.5,9.99,323.15,42.42,10.99,36.81,149.85,331.885,61.39,21.28,20.5,10.65,119.39,62.61
2020-03-20 00:00:00-04:00,1846.09,11.99,303.07,39.0,9.3001,31.7,148.26,332.7,57.99,24.54,21.4701,10.94,113.95,58.03
2020-03-23 00:00:00-04:00,1902.54,12.005,324.2,41.02,10.6275,30.12,137.09,360.06,56.51,26.26,22.39,11.42,114.29,56.55
2020-03-24 00:00:00-04:00,1940.0,13.67,343.56,53.95,13.85,34.61,161.91,359.39,64.91,33.0,26.39,14.06,114.99,69.67
2020-03-25 00:00:00-04:00,1885.78,15.57,321.57,58.4,15.46,35.76,162.71,342.56,65.81,36.6,26.19,14.44,109.34,72.93
2020-03-26 00:00:00-04:00,1955.225,17.8,334.05,60.56,14.48,38.2,166.92,363.14,70.17,35.54,28.21,13.95,109.59,75.86
2020-03-27 00:00:00-04:00,1899.92,14.41,338.86,54.66,11.06,39.16,163.64,357.12,66.35,32.8,27.28,14.0689,109.58,68.52
2020-03-30 00:00:00-04:00,1964.78,12.8,346.76,56.85,11.33,39.59,168.2,370.53,67.86,30.15,27.83,14.95,115.18,70.71
2020-03-31 00:00:00-04:00,1949.79,13.155,324.65,54.46,12.01,40.73,165.21,375.36,65.73,31.54,27.9,14.88,113.56,68.53
2020-04-01 00:00:00-04:00,1906.58,8.8,333.64,46.02,11.5,39.57,158.17,364.21,62.63,25.65,25.4101,13.96,114.14,67.65
2020-04-02 00:00:00-04:00,1918.83,7.97,333.08,44.32,10.07,34.81,161.52,370.13,65.03,23.41,23.5801,13.35,118.63,66.08
2020-04-03 00:00:00-04:00,1906.6,8.49,327.75,45.48,10.47,34.27,160.32,361.76,63.1,22.885,22.8,13.06,119.46,63.3
2020-04-06 00:00:00-04:00,1998.49,10.19,338.54,52.37,12.12,39.77,177.05,379.92,67.8,24.02,25.97,14.44,125.86,70.43
2020-04-07 00:00:00-04:00,2011.6,11.265,334.58,58.96,13.0,42.02,175.59,372.28,68.83,24.48,25.74,14.91,122.0,71.47
2020-04-08 00:00:00-04:00,2042.9,11.98,343.83,63.65,14.69,43.69,177.37,371.24,71.56,27.5,26.95,16.05,121.83,75.37
2020-04-09 00:00:00-04:00,2042.82,12.425,343.94,64.41,17.28,45.13,183.67,370.89,73.88,31.52,27.11,16.97,121.79,80.25
2020-04-13 00:00:00-04:00,2168.01,11.485,355.14,60.93,15.07,39.65,180.13,396.56,71.76,28.9,27.98,16.57,125.33,76.99
2020-04-14 00:00:00-04:00,2283.31,12.49,358.26,61.17,15.71,41.66,184.0,413.39,73.67,30.88,27.755,17.165,128.99,79.86
2020-04-15 00:00:00-04:00,2309.27,12.365,354.1,58.83,14.57,40.34,177.67,426.75,72.55,31.86,27.4,16.75,128.75,77.63
2020-04-16 00:00:00-04:00,2408.19,11.84,360.46,58.01,14.5,40.31,179.5,439.17,73.53,28.21,27.04,17.2606,132.28,80.06
2020-04-17 00:00:00-04:00,2372.87,12.5512,362.86,63.35,15.9,42.37,185.98,423.05,77.08,29.07,27.99,18.41,132.11,84.14
2020-04-20 00:00:00-04:00,2393.08,12.22,368.73,61.76,15.26,42.49,181.65,437.38,75.32,27.78,28.18,18.06,129.82,82.0
2020-04-21 00:00:00-04:00,2329.36,11.84,365.13,63.24,14.89,40.94,177.6,434.31,72.75,27.87,27.18,17.41,129.13,81.19
2020-04-22 00:00:00-04:00,2366.54,11.655,382.55,68.52,16.46,43.32,186.711,420.19,77.49,25.9001,28.255,18.3,131.51,86.96
2020-04-23 00:00:00-04:00,2399.44,12.15,369.64,66.88,15.69,42.06,181.93,426.7,75.16,25.7298,28.33,18.22,128.54,85.55
2020-04-24 00:00:00-04:00,2410.0,11.92,366.81,68.83,15.87,43.51,184.02,424.99,75.588,25.57,29.5,18.91,129.43,85.88
2020-04-27 00:00:00-04:00,2376.82,12.97,362.02,72.42,17.16,46.69,185.9,421.35,77.75,25.01,30.09,19.83,128.22,88.19
2020-04-28 00:00:00-04:00,2314.08,14.45,355.84,74.79,19.13,46.34,185.96,403.79,78.69,27.84,30.13,19.79,128.01,88.37
2020-04-29 00:00:00-04:00,2371.88,16.685,361.97,78.22,24.82,47.43,187.84,411.52,76.9,31.21,31.41,20.44,123.63,87.49
2020-04-30 00:00:00-04:00,2471.5,15.89,362.21,73.76,23.28,47.77,187.395,420.02,76.74,29.58,30.27,19.87,121.54,86.4
2020-05-01 00:00:00-04:00,2285.94,13.9299,356.94,69.81,21.8201,45.48,182.65,415.26,73.7937,26.62,28.39,19.46,122.96,83.82
2020-05-04 00:00:00-04:00,2315.99,14.33,359.02,70.62,19.96,46.62,181.88,427.97,71.85,25.25,27.42,19.27,123.75,83.09
2020-05-05 00:00:00-04:00,2317.64,13.09,371.72,68.98,19.755,47.78,179.11,424.52,72.9103,24.11,28.08,18.83,124.74,83.28
2020-05-06 00:00:00-04:00,2350.97,12.8283,372.2,68.22,19.29,50.82,176.94,434.2,72.98,22.904,27.85,20.19,123.35,83.18
2020-05-07 00:00:00-04:00,2367.61,13.52,367.23,70.53,20.26,44.85,181.0,436.54,76.01,22.75,30.89,20.48,121.9,84.59
2020-05-08 00:00:00-04:00,2379.5,14.2,369.12,74.72,22.41,46.82,181.22,435.66,77.92,25.42,32.69,21.44,122.99,86.17
2020-05-11 00:00:00-04:00,2406.9375,13.84,377.57,73.93,22.07,46.81,180.88,440.2,75.88,23.9662,31.65,21.13,123.67,86.36
2020-05-12 00:00:00-04:00,2357.505,13.19,377.94,70.33,20.55,60.36,176.55,431.83,74.34,22.76,32.37,20.79,123.8,84.0
2020-05-13 00:00:00-04:00,2366.17,12.26,385.0,65.88,18.91,58.18,172.76,438.13,73.62,20.7385,33.02,19.87,123.69,80.43
2020-05-14 00:00:00-04:00,2391.37,12.2683,375.73,66.69,18.93,54.705,175.36,442.13,74.24,20.295,32.79,20.63,123.44,83.27
2020-05-15 00:00:00-04:00,2410.41,12.77,376.04,69.62,19.72,54.98,173.78,454.43,74.16,19.91,32.47,20.87,125.76,84.91
2020-05-18 00:00:00-04:00,2426.38,14.72,364.53,75.51,22.56,57.67,179.77,452.58,76.23,24.13,33.64,20.57,127.7,86.71
2020-05-19 00:00:00-04:00,2448.59,14.12,370.01,75.82,22.696,57.45,179.56,451.03,75.86,23.68,33.41,20.12,124.93,86.87
2020-05-20 00:00:00-04:00,2497.35,14.15,377.23,78.31,23.17,57.51,184.03,447.88,77.77,24.91,34.49,20.45,125.43,88.09
2020-05-21 00:00:00-04:00,2448.01,14.6,375.23,77.21,24.51,56.34,185.26,436.34,78.08,25.84,34.26,20.875,125.0,88.06
2020-05-22 00:00:00-04:00,2436.89,14.455,372.16,75.56,24.48,57.35,184.33,429.08,77.62,25.39,34.82,20.87,124.315,87.24
2020-05-26 00:00:00-04:00,2423.7,16.28,360.16,78.47,25.9,57.26,184.84,414.93,77.77,29.53,34.57,20.7,123.85,88.05
2020-05-27 00:00:00-04:00,2409.51,17.24,373.98,81.53,28.15,55.37,187.67,419.81,78.59,30.6941,34.9,21.79,122.48,90.24
2020-05-28 00:00:00-04:00,2401.05,15.93,365.4,79.47,26.41,52.87,188.84,413.44,78.54,28.89,34.16,21.24,123.67,90.79
2020-05-29 00:00:00-04:00,2436.53,15.75,385.82,76.95,26.41,56.76,186.56,419.28,77.87,28.02,36.33,21.25,124.03,89.83
2020-06-01 00:00:00-04:00,2470.12,16.79,383.59,78.31,27.23,58.75,187.49,425.92,78.34,29.46,35.85,21.9,123.93,90.52
2020-06-02 00:00:00-04:00,2473.3,16.87,384.86,78.1,26.91,57.48,187.59,427.49,77.79,29.9192,35.81,21.93,123.94,92.21
2020-06-03 00:00:00-04:00,2478.4,17.25,390.24,85.92,28.44,58.49,193.26,421.83,79.59,33.6,36.75,22.18,123.44,94.55
2020-06-04 00:00:00-04:00,2460.6,18.48,382.78,86.02,29.33,57.52,193.24,414.67,78.74,39.0702,36.43,21.94,122.1,95.02
2020-06-05 00:00:00-04:00,2481.415,21.5,376.41,85.62,28.9,60.5399,197.285,419.67,82.14,42.4,37.2,22.86,121.58,96.57
2020-06-08 00:00:00-04:00,2522.8,24.9199,376.04,84.735,29.88,57.45,202.7,419.58,83.57,48.7,37.08,22.65,121.07,95.995
2020-06-09 00:00:00-04:00,2603.39,23.0361,382.22,80.98,29.869,57.9,199.81,434.01,82.38,44.63,36.59,23.04,121.4,95.67
2020-06-10 00:00:00-04:00,2648.16,20.58,392.22,77.88,27.55,59.04,195.77,434.28,79.01,39.705,34.82,22.25,121.2,94.13
2020-06-11 00:00:00-04:00,2558.47,17.44,382.75,73.0,24.05,61.79,187.59,425.25,72.57,33.3101,31.1101,21.16,120.16,90.655
2020-06-12 00:00:00-04:00,2566.705,19.1002,372.22,73.245,24.24,62.23,186.75,423.11,74.15,36.91,31.43,21.15,119.485,90.63
2020-06-15 00:00:00-04:00,2572.62,19.43,377.95,76.54,27.32,61.02,189.54,425.63,76.97,38.995,32.67,21.88,118.09,91.44
2020-06-16 00:00:00-04:00,2615.13,20.428,374.72,76.71,27.59,63.4,190.44,436.14,77.86,40.21,33.49,22.04,119.71,91.88
2020-06-17 00:00:00-04:00,2641.72,19.09,380.65,74.14,26.27,64.46,190.8,447.77,77.1,39.26,33.29,21.83,119.01,91.25
2020-06-18 00:00:00-04:00,2655.0,18.85,375.56,74.13,26.1,63.86,189.47,449.71,76.305,39.3299,33.37,22.05,117.99,90.11
2020-06-19 00:00:00-04:00,2671.86,17.84,378.09,70.23,24.26,63.93,186.645,453.3961,75.465,36.835,32.28,21.88,119.75,88.23
2020-06-22 00:00:00-04:00,2712.0,17.26,384.64,71.36,22.845,65.96,187.47,468.08,75.41,36.5338,32.68,21.97,121.68,87.82
2020-06-23 00:00:00-04:00,2764.42,18.04,377.51,75.33,25.74,70.06,186.71,465.94,75.49,36.07,33.05,21.9,121.07,87.95
2020-06-24 00:00:00-04:00,2733.49,15.9983,375.48,70.83,23.52,68.45,184.38,457.65,73.72,33.07,30.47,21.24,120.35,86.55
2020-06-25 00:00:00-04:00,2756.16,16.0,373.7,74.53,23.4,68.95,182.75,466.14,73.85,34.69,30.58,20.94,119.63,85.96
2020-06-26 00:00:00-04:00,2692.87,15.83,365.81,72.95,22.27,69.14,179.73,443.39,71.53,32.93,29.635,21.06,118.31,84.79
2020-06-29 00:00:00-04:00,2681.52,16.78,369.46,76.63,25.04,69.77,182.8,447.42,73.485,35.29,29.63,21.68,119.09,87.0
2020-06-30 00:00:00-04:00,2756.09,16.4,369.49,75.77,24.0,70.25,184.32,454.75,73.59,34.61,31.08,21.77,119.66,86.9
2020-07-01 00:00:00-04:00,2879.2,16.36,375.56,76.11,23.12,69.13,184.67,485.58,74.03,34.45,30.43,22.25,119.69,86.47
2020-07-02 00:00:00-04:00,2887.56,15.88,374.31,74.8,22.15,69.86,183.52,477.22,73.77,34.145,30.68,21.9,119.21,86.55
2020-07-06 00:00:00-04:00,3057.16,15.61,385.0,74.99,22.93,73.02,188.52,493.81,75.43,35.19,32.51,22.74,118.88,88.52
2020-07-07 00:00:00-04:00,3000.12,14.58,381.13,72.19,22.17,71.09,185.82,493.05,74.27,32.58,32.83,21.97,126.97,86.91
2020-07-08 00:00:00-04:00,3081.88,15.32,384.34,73.11,22.17,70.98,185.93,502.68,74.11,32.54,33.93,22.22,124.41,86.51
2020-07-09 00:00:00-04:00,3183.81,14.58,385.67,71.34,21.59,71.48,184.36,507.62,73.59,30.16,33.15,21.63,127.76,86.42
2020-07-10 00:00:00-04:00,3203.36,16.16,398.41,72.08,22.84,71.87,184.89,548.7,74.29,32.65,33.17,21.99,130.66,87.24
2020-07-13 00:00:00-04:00,3101.55,15.29,401.3,72.89,22.35,69.47,184.96,525.5,72.69,31.74,31.72,21.43,129.55,87.43
2020-07-14 00:00:00-04:00,3084.02,15.04,401.93,72.91,21.95,69.96,190.69,525.12,72.72,31.75,30.935,21.72,132.02,88.18
2020-07-15 00:00:00-04:00,3008.87,17.48,415.37,79.16,25.265,69.42,191.81,523.45,75.6,36.37,32.79,22.44,132.0,90.37
2020-07-16 00:00:00-04:00,2994.55,15.85,406.82,76.54,24.42,70.0603,191.07,526.1,74.41,34.49,32.395,22.24,132.06,89.74
2020-07-17 00:00:00-04:00,2961.47,15.47,390.21,77.49,24.3,70.16,191.43,493.18,74.16,33.93,32.55,22.4,131.75,90.59
2020-07-20 00:00:00-04:00,3195.01,15.01,391.37,74.29,23.61,69.98,191.61,502.35,74.96,32.33,33.66,22.28,131.45,90.92
2020-07-21 00:00:00-04:00,3141.43,15.19,387.7,75.52,24.35,70.96,192.98,490.1,75.42,33.04,32.5401,22.81,132.33,91.06
2020-07-22 00:00:00-04:00,3100.23,15.14,389.05,77.39,25.26,70.78,198.61,489.63,77.23,31.67,32.66,23.34,132.66,93.62
2020-07-23 00:00:00-04:00,2987.725,14.8,381.4,76.14,25.61,69.5,197.62,477.69,75.37,33.22,32.16,23.11,131.65,92.86
2020-07-24 00:00:00-04:00,3008.92,14.8,387.07,78.64,26.43,68.85,198.74,480.45,75.78,32.88,31.18,23.45,131.24,93.14
2020-07-27 00:00:00-04:00,3053.89,13.76,389.57,76.38,26.47,71.0,201.26,495.7,76.46,32.41,30.99,23.82,131.23,93.4
2020-07-28 00:00:00-04:00,2999.62,14.34,385.47,75.86,26.6,70.15,196.28,488.45,74.8,33.46,30.81,22.9,131.79,92.75
2020-07-29 00:00:00-04:00,3034.27,14.65,384.81,78.85,28.4,71.14,196.2,484.48,77.42,32.58,31.023,23.435,130.72,94.76
2020-07-30 00:00:00-04:00,3052.65,14.34,384.58,78.59,27.97,70.24,195.43,485.69,76.63,31.73,30.24,23.15,130.11,91.63
2020-07-31 00:00:00-04:00,3164.68,13.88,386.61,75.9,26.89,72.25,194.25,489.27,76.54,31.38,30.26,23.17,129.43,91.11
2020-08-03 00:00:00-04:00,3111.42,13.07,387.02,74.49,25.98,73.56,194.39,498.62,75.5,31.87,31.2,23.05,129.3,90.9
2020-08-04 00:00:00-04:00,3138.82,13.75,391.78,76.48,27.66,72.99,199.36,509.87,75.14,32.29,32.68,23.82,131.62,91.83
2020-08-05 00:00:00-04:00,3205.83,14.02,393.25,75.75,28.02,74.52,199.24,502.11,75.78,33.715,33.2,22.38,129.8,91.0
2020-08-06 00:00:00-04:00,3224.35,13.775,392.5,76.5,28.63,75.0,203.15,509.05,75.64,34.4,34.71,22.24,129.35,90.99
2020-08-07 00:00:00-04:00,3165.75,14.22,389.13,79.07,29.729,75.01,204.62,494.98,75.77,34.33,32.91,22.345,129.99,90.8
2020-08-10 00:00:00-04:00,3149.87,15.43,385.93,81.55,29.8,74.87,204.12,483.0,77.47,37.535,32.23,21.97,131.91,91.34
2020-08-11 00:00:00-04:00,3080.67,15.81,388.71,84.14,30.15,73.78,205.06,466.63,78.88,36.84,31.2,22.08,130.2,92.72
2020-08-12 00:00:00-04:00,3161.0,15.19,392.76,84.61,34.48,77.27,205.98,475.47,79.29,36.38,30.845,22.2,131.87,93.16
2020-08-13 00:00:00-04:00,3161.02,15.225,399.08,84.55,36.69,77.64,206.44,481.23,79.01,35.8,30.46,22.37,131.84,92.79
2020-08-14 00:00:00-04:00,3148.0,15.48,399.0,84.09,37.03,76.71,207.05,482.57,78.38,36.19,30.0,21.98,132.54,92.67
2020-08-17 00:00:00-04:00,3181.16,14.68,409.0,83.9,37.19,77.64,208.59,482.58,78.96,34.4,29.49,21.32,135.77,93.61
2020-08-18 00:00:00-04:00,3312.49,14.42,411.45,82.83,37.72,78.15,210.35,492.1,78.99,33.98,30.08,21.59,134.66,94.9
2020-08-19 00:00:00-04:00,3260.15,14.61,414.24,79.88,37.61,78.16,209.58,484.54,77.64,34.43,29.42,21.18,132.41,93.91
2020-08-20 00:00:00-04:00,3296.05,14.55,418.35,80.95,38.26,77.04,209.87,498.26,77.22,34.05,31.415,21.68,130.57,95.38
2020-08-21 00:00:00-04:00,3284.59,14.65,419.73,82.74,38.49,76.33,211.55,492.31,77.07,33.04,30.83,21.8,131.64,96.09
2020-08-24 00:00:00-04:00,3307.45,16.15,418.98,82.88,39.25,74.84,212.62,488.92,78.7,36.32,31.04,21.45,131.33,96.58
2020-08-25 00:00:00-04:00,3346.05,15.9,419.35,82.61,39.59,74.76,212.64,490.58,82.73,35.2399,31.19,21.42,130.62,96.47
2020-08-26 00:00:00-04:00,3442.06,15.29,418.15,82.73,39.23,75.01,213.76,547.37,82.4,34.25,32.2999,21.25,130.68,95.34
2020-08-27 00:00:00-04:00,3400.7,16.13,416.32,85.79,40.31,73.45,212.17,526.59,83.45,36.21,32.8,21.51,136.65,95.48
2020-08-28 00:00:00-04:00,3401.8,17.21,416.21,89.83,45.61,73.0,214.91,523.89,85.03,37.35,33.81,21.72,140.31,97.46
2020-08-31 00:00:00-04:00,3441.91,16.48,408.87,86.68,45.02,72.35,213.44,529.05,84.46,36.0,33.63,20.94,138.85,95.85
2020-09-01 00:00:00-04:00,3500.47,16.5,410.0,87.15,45.87,72.5,212.69,556.99,86.07,36.02,34.29,20.96,147.6,96.15
2020-09-02 00:00:00-04:00,3529.34,16.7,403.6,90.32,47.75,71.79,216.21,552.85,88.35,36.88,34.37,21.97,147.6301,97.97
2020-09-03 00:00:00-04:00,3369.17,17.58,397.65,89.1,46.63,69.4,213.83,525.75,86.49,37.395,33.4,21.95,144.57,96.34
2020-09-04 00:00:00-04:00,3294.62,18.53,381.81,89.29,45.7,68.82,211.73,515.77,86.26,38.21,33.24,21.59,142.84,95.2154
2020-09-08 00:00:00-04:00,3149.84,18.29,376.36,89.12,44.13,68.51,213.71,507.02,85.39,37.29,34.31,21.86,138.45,93.67
2020-09-09 00:00:00-04:00,3268.27,17.66,381.9,88.58,44.16,69.82,215.74,500.19,85.85,36.03,35.01,22.495,139.94,93.39
2020-09-10 00:00:00-04:00,3176.12,17.87,388.98,89.95,44.41,69.06,217.32,480.78,84.86,36.44,35.98,21.85,136.79,92.35
2020-09-11 00:00:00-04:00,3117.28,17.69,394.56,86.88,43.57,69.15,218.01,482.44,85.29,36.07,36.9768,21.48,136.68,92.28
2020-09-14 00:00:00-04:00,3102.97,17.84,388.52,91.63,44.68,69.89,220.55,476.1,86.63,36.74,37.94,22.04,137.27,92.85
2020-09-15 00:00:00-04:00,3153.28,15.98,389.37,93.38,46.21,70.27,222.37,496.3,87.715,36.78,37.465,21.87,137.26,93.52
2020-09-16 00:00:00-04:00,3077.14,16.45,386.38,92.97,46.53,69.03,224.8,483.51,88.38,38.2999,37.66,21.11,136.27,94.8
2020-09-17 00:00:00-04:00,3010.56,16.25,395.06,91.59,45.0,68.77,222.65,470.245,86.79,38.36,37.0557,21.26,136.71,93.69
2020-09-18 00:00:00-04:00,2952.64,15.305,397.84,89.97,46.07,69.25,220.3,469.97,84.875,36.99,37.09,20.96,135.29,92.11
2020-09-21 00:00:00-04:00,2962.0,14.29,404.96,87.77,44.65,70.28,216.45,487.51,83.91,33.79,36.49,20.66,137.08,89.38
2020-09-22 00:00:00-04:00,3129.0,14.41,413.66,89.97,44.65,73.05,216.41,491.16,83.935,34.09,34.4,21.065,138.32,90.59
2020-09-23 00:00:00-04:00,2997.44,14.135,413.54,90.0,43.66,71.06,214.97,470.6,83.01,33.08,33.555,21.01,136.01,89.77
2020-09-24 00:00:00-04:00,3018.58,13.73,413.19,97.31,46.06,71.79,216.03,473.09,83.04,32.75,33.35,21.18,136.7,91.36
2020-09-25 00:00:00-04:00,3094.65,15.07,418.08,97.22,44.9,71.98,218.19,482.65,84.31,34.2,34.46,21.34,137.27,91.39
2020-09-28 00:00:00-04:00,3175.04,15.315,421.9161,100.59,45.45,72.3,220.11,490.64,86.09,35.93,35.56,22.14,137.3,91.88
2020-09-29 00:00:00-04:00,3142.92,15.07,423.46,100.79,43.56,73.14,218.61,493.56,84.8,34.51,35.43,22.36,137.13,90.7
2020-09-30 00:00:00-04:00,3147.425,15.19,425.28,100.76,42.73,72.35,219.41,499.72,85.86,34.76,36.48,22.29,139.87,91.31
2020-10-01 00:00:00-04:00,3222.01,15.04,426.94,104.88,43.02,73.24,219.66,527.71,86.75,35.18,37.14,22.86,143.07,91.82
2020-10-02 00:00:00-04:00,3125.93,15.17,433.87,104.22,43.56,73.42,222.68,503.32,86.57,36.01,37.72,23.18,140.51,95.17
2020-10-05 00:00:00-04:00,3199.2,14.97,424.85,103.74,43.62,74.43,226.05,520.7,88.46,36.2101,37.1314,23.56,141.8,94.09
2020-10-06 00:00:00-04:00,3099.29,15.19,427.67,101.18,42.94,73.53,223.94,505.87,86.97,34.8727,36.25,22.99,140.59,91.93
2020-10-07 00:00:00-04:00,3192.51,15.99,431.499,101.42,45.01,74.53,226.36,534.545,88.43,36.38,36.77,23.3,140.88,93.88
2020-10-08 00:00:00-04:00,3190.55,15.6,400.93,103.39,46.84,73.89,225.823,531.79,89.53,36.99,37.335,23.79,141.36,95.4
2020-10-09 00:00:00-04:00,3287.82,15.69,390.96,102.0,47.31,74.57,224.83,539.45,90.02,37.12,37.28,24.31,142.8,95.5
2020-10-12 00:00:00-04:00,3442.93,15.215,392.58,100.145,45.67,76.71,226.01,539.7,90.79,36.39,36.28,23.8277,144.24,95.95
2020-10-13 00:00:00-04:00,3442.64,14.03,407.73,98.73,44.76,75.78,227.35,554.08,90.15,35.26,35.57,24.09,146.24,95.97
2020-10-14 00:00:00-04:00,3363.05,13.98,403.2,99.23,46.65,81.37,227.62,541.26,89.32,35.61,35.12,24.11,143.95,96.52
2020-10-15 00:00:00-04:00,3338.62,14.025,401.84,100.13,48.78,83.58,229.65,542.09,88.835,34.27,34.27,24.74,144.535,99.5
2020-10-16 00:00:00-04:00,3160.0,14.09,399.37,98.95,47.13,84.41,229.3,530.7,88.54,34.15,33.73,24.2,144.69,98.54
2020-10-19 00:00:00-04:00,3207.3,14.15,394.75,96.61,45.645,83.3,225.99,530.92,87.61,35.49,34.2501,24.04,143.06,97.25
2020-10-20 00:00:00-04:00,3216.26,14.61,394.31,98.33,46.49,83.4,227.43,525.4,88.49,36.05,36.31,23.975,143.87,97.29
2020-10-21 00:00:00-04:00,3183.6,14.48,389.83,97.69,45.13,80.75,228.19,489.07,88.25,35.54,35.2,23.91,144.42,99.08
2020-10-22 00:00:00-04:00,3177.4,15.19,391.84,99.81,46.09,81.31,229.16,485.2899,89.375,37.24,36.7,24.13,143.55,99.85
2020-10-23 00:00:00-04:00,3204.64,15.365,394.1,99.53,44.75,79.35,228.71,488.27,90.79,38.0,36.76,23.68,143.84,101.36
2020-10-26 00:00:00-04:00,3207.32,14.025,394.61,95.385,43.9,77.21,224.25,488.4503,89.66,35.36,35.495,23.28,142.25,99.14
2020-10-27 00:00:00-04:00,3287.92,13.75,397.03,95.88,43.2,77.4,222.98,488.97,90.05,34.175,34.16,23.53,142.88,97.99
2020-10-28 00:00:00-04:00,3162.49,12.295,384.0,90.18,41.97,75.34,214.7812,485.94,87.2,32.62,33.65,22.29,140.12,95.04
2020-10-29 00:00:00-04:00,3212.79,12.9701,386.73,92.48,44.52,74.72,214.95,504.28,88.29,33.56,34.04,22.3,139.92,94.94
2020-10-30 00:00:00-04:00,3036.13,13.7,378.34,91.91,43.54,73.95,212.94,475.79,86.95,33.88,33.42,21.85,138.81,93.34
2020-11-02 00:00:00-05:00,3004.48,13.55,376.03,91.84,44.36,73.64,212.56,484.1201,85.97,33.78,34.795,22.13,140.41,95.25
2020-11-03 00:00:00-05:00,3046.25,13.7199,383.24,93.06,46.3,75.08,216.81,487.22,88.35,34.02,35.77,23.09,142.74,96.72
2020-11-04 00:00:00-05:00,3241.16,13.34,392.52,96.71,46.73,77.39,214.96,496.96,89.77,33.345,40.995,21.79,142.0,98.64
2020-11-05 00:00:00-05:00,3322.0,14.18,396.22,101.52,45.58,80.27,216.24,513.65,90.62,35.34,41.82,22.18,143.46,100.75
2020-11-06 00:00:00-05:00,3310.41,13.82,399.64,102.12,45.48,79.85,216.61,514.86,90.65,34.66,44.91,22.23,145.78,99.4
2020-11-09 00:00:00-05:00,3141.34,19.24,376.75,120.63,50.14,71.09,213.19,470.79,95.84,41.35,48.18,22.425,143.57,102.03
2020-11-10 00:00:00-05:00,3035.18,16.71,381.67,113.4,48.37,71.02,213.32,480.26,93.92,40.05,46.995,22.74,145.58,102.99
2020-11-11 00:00:00-05:00,3136.81,16.21,394.67,107.06,46.26,73.53,217.9,490.76,95.03,38.51,46.24,23.21,148.0,101.82
2020-11-12 00:00:00-05:00,3110.2,14.94,390.77,106.31,46.07,72.62,213.06,486.77,93.55,36.85,46.41,23.03,148.17,100.44
2020-11-13 00:00:00-05:00,3134.09,16.0318,388.23,107.275,46.97,73.89,212.56,482.82,95.51,39.07,47.215,22.75,150.54,102.66
2020-11-16 00:00:00-05:00,3132.99,17.58,384.86,108.865,49.79,72.01,216.74,478.04,97.18,41.0,49.21,22.98,153.03,104.9888
2020-11-17 00:00:00-05:00,3135.66,18.05,384.46,108.53,51.16,72.6,216.03,480.63,98.63,40.59,48.89,22.78,149.38,104.03
2020-11-18 00:00:00-05:00,3105.1,17.58,382.46,110.19,49.93,70.3,215.53,481.9,97.94,41.05,49.105,22.2,149.1,104.18
2020-11-19 00:00:00-05:00,3114.41,18.18,385.04,109.8,49.53,70.95,215.17,484.66,97.75,40.93,49.26,22.58,152.12,105.22
2020-11-20 00:00:00-05:00,3099.205,17.3799,389.52,108.45,48.56,70.86,214.11,488.13,97.0,39.9,48.45,22.51,150.32,105.01
2020-11-23 00:00:00-05:00,3100.18,18.17,387.2,109.58,49.49,69.58,217.01,476.56,96.91,40.92,50.04,21.96,150.9,105.0
2020-11-24 00:00:00-05:00,3116.86,20.23,383.14,113.5,52.23,68.9,219.8,482.78,98.32,44.96,51.25,22.33,151.37,107.13
2020-11-25 00:00:00-05:00,3184.82,20.65,383.43,110.58,52.28,69.7,219.3,484.8,98.19,45.64,50.81,22.16,151.84,106.62
2020-11-27 00:00:00-05:00,3195.95,21.585,390.93,109.94,52.48,70.08,218.36,491.34,98.66,45.29,50.69,22.16,151.68,107.19
2020-11-30 00:00:00-05:00,3168.03,19.97,392.58,107.95,50.125,70.33,217.43,490.7,98.03,45.04,49.66,21.98,152.9,105.8
2020-12-01 00:00:00-05:00,3220.08,20.14,391.82,110.57,51.27,71.65,216.13,504.58,98.81,45.2901,49.65,22.13,152.63,106.35
2020-12-02 00:00:00-05:00,3203.75,21.15,387.83,109.65,51.3,71.03,210.86,503.35,98.9,46.725,53.085,21.71,150.53,105.01
2020-12-03 00:00:00-05:00,3188.66,22.88,383.38,112.82,52.97,70.23,211.52,497.72,100.13,49.92,52.52,21.81,149.3,104.52
2020-12-04 00:00:00-05:00,3163.49,23.46,382.99,114.77,53.02,68.94,210.8,498.38,102.28,49.24,54.86,22.19,148.92,105.88
2020-12-07 00:00:00-05:00,3158.77,23.2,384.76,112.17,51.12,68.26,208.92,515.96,101.42,49.21,53.795,22.03,148.12,105.24
2020-12-08 00:00:00-05:00,3176.64,23.58,386.69,111.65,51.34,66.88,208.39,512.67,101.2,49.02,53.0,21.95,149.45,105.16
2020-12-09 00:00:00-05:00,3101.35,22.68,384.96,114.41,53.52,71.13,208.63,493.6,100.34,48.0,53.78,22.5,148.14,106.56
2020-12-10 00:00:00-05:00,3100.07,22.3147,386.05,115.5,54.5,69.25,207.91,501.09,105.38,49.64,54.38,22.18,147.03,106.46
2020-12-11 00:00:00-05:00,3116.41,21.32,383.37,112.72,53.31,70.0,207.76,503.22,103.0,48.36,52.63,22.06,146.98,105.99
2020-12-14 00:00:00-05:00,3156.97,20.93,383.23,112.5,52.44,70.2,211.92,522.1,103.31,46.73,51.46,22.46,145.5291,105.5
2020-12-15 00:00:00-05:00,3166.45,21.54,384.67,114.43,55.15,71.05,214.87,519.77,104.19,47.45,51.0,22.87,145.59,107.35
2020-12-16 00:00:00-05:00,3240.96,21.76,382.53,116.5,54.35,71.29,213.8,524.8,103.27,45.99,50.49,22.53,145.44,107.41
2020-12-17 00:00:00-05:00,3237.015,21.63,395.06,118.75,54.99,71.07,214.26,533.16,103.21,45.85,50.63,22.795,146.07,108.78
2020-12-18 00:00:00-05:00,3201.07,21.45,396.41,116.46,55.16,71.59,215.1,534.0,103.26,44.75,50.56,22.94,145.61,109.8
2020-12-21 00:00:00-05:00,3205.74,21.05,397.2,116.94,56.1,72.57,211.74,529.0,102.935,44.05,51.8,22.59,145.96,108.66
2020-12-22 00:00:00-05:00,3206.52,19.81,398.72,119.64,58.09,72.92,211.86,527.45,102.4016,42.97,53.78,22.37,144.2,107.4
2020-12-23 00:00:00-05:00,3186.73,20.93,403.75,119.59,58.01,73.06,212.05,514.47,102.0,44.11,53.7,22.22,143.24,106.82
2020-12-24 00:00:00-05:00,3171.16,20.85,396.43,118.09,57.71,73.59,211.39,513.96,101.97,43.27,52.85,22.46,143.5,107.55
2020-12-28 00:00:00-05:00,3283.96,21.71,400.17,117.77,55.66,74.31,214.09,519.01,104.36,43.93,51.96,22.63,145.22,109.77
2020-12-29 00:00:00-05:00,3320.71,21.43,384.36,118.56,56.28,72.51,212.87,530.87,105.62,43.74,52.26,22.26,144.31,109.45
2020-12-30 00:00:00-05:00,3285.85,21.79,384.62,117.66,55.07,73.98,211.72,524.61,105.97,44.64,53.15,21.96,144.24,109.57
2020-12-31 00:00:00-05:00,3256.41,21.66,383.28,119.12,56.7,74.27,214.57,540.71,106.99,43.25,51.0,21.92,144.09,108.53
2021-01-04 00:00:00-05:00,3186.65,20.38,379.49,116.23,53.64,75.91,210.33,522.67,103.07,41.64,51.16,21.38,146.51,105.86
2021-01-05 00:00:00-05:00,3218.51,20.6,381.23,118.1,55.41,79.51,211.54,520.78,103.44,43.4,53.9971,21.54,145.74,105.83
2021-01-06 00:00:00-05:00,3138.01,20.4,384.76,120.89,58.92,77.96,211.06,500.26,104.19,43.56,52.5,21.54,146.68,106.41
2021-01-07 00:00:00-05:00,3161.41,20.74,382.96,123.95,60.52,77.43,211.98,508.79,103.32,43.63,56.13,21.12,146.65,105.65
2021-01-08 00:00:00-05:00,3182.7,20.47,388.83,124.45,61.14,82.47,215.87,510.42,105.68,43.28,53.27,21.5,146.63,107.14
2021-01-11 00:00:00-05:00,3115.75,20.14,390.54,125.26,59.93,81.11,214.17,499.1,104.65,42.69,54.59,21.13,147.29,107.7
2021-01-12 00:00:00-05:00,3120.88,20.13,385.42,127.34,62.39,83.02,211.51,494.25,102.86,44.08,58.55,20.79,148.97,107.65
2021-01-13 00:00:00-05:00,3166.24,20.1,381.86,124.86,59.64,79.26,212.08,507.79,102.9,44.43,59.37,20.5799,147.46,107.17
2021-01-14 00:00:00-05:00,3129.32,20.91,373.8,123.09,61.08,75.06,208.53,500.28,101.82,46.3,56.9145,20.87,146.9745,107.79
2021-01-15 00:00:00-05:00,3104.54,20.79,375.44,121.05,59.18,71.06,209.91,498.0,102.35,43.88,55.53,21.65,144.65,106.61
2021-01-19 00:00:00-05:00,3121.0,20.86,372.81,124.03,61.43,71.16,209.1,502.0,102.54,44.75,56.3,21.78,143.39,107.39
2021-01-20 00:00:00-05:00,3264.73,20.77,378.93,124.56,61.51,73.57,213.63,586.25,105.46,45.17,56.39,21.45,145.46,109.4
2021-01-21 00:00:00-05:00,3307.21,20.75,381.02,125.0,61.83,77.87,213.42,579.84,104.58,42.59,55.79,21.23,144.87,107.88
2021-01-22 00:00:00-05:00,3290.0,20.22,380.53,121.98,63.02,78.88,213.31,564.91,103.88,42.13,54.34,20.85,146.3,107.12
2021-01-25 00:00:00-05:00,3293.1,19.22,378.49,120.0,64.1,77.73,213.37,556.63,103.44,40.38,54.3,20.77,146.24,105.25
2021-01-26 00:00:00-05:00,3326.12,18.73,378.84,118.59,62.5,75.13,215.37,561.94,104.68,41.26,51.94,21.07,147.52,106.34
2021-01-27 00:00:00-05:00,3234.98,18.98,377.36,112.09,55.04,72.03,207.83,522.8,97.94,40.96,48.08,20.65,144.0,101.95
2021-01-28 00:00:00-05:00,3239.7,19.75,371.47,118.77,59.72,74.43,206.82,538.59,98.11,42.54,51.59,20.62,143.7,102.53
2021-01-29 00:00:00-05:00,3206.31,18.67,370.69,117.04,58.95,75.04,207.68,532.39,96.8,40.0084,50.95,20.4,140.4693,101.53
2021-02-01 00:00:00-05:00,3342.88,18.795,371.43,119.39,60.96,76.1,207.874,538.71,98.52,39.93,52.72,20.43,139.24,103.08
2021-02-02 00:00:00-05:00,3383.23,19.45,377.44,122.82,61.07,74.79,209.62,548.17,101.65,40.83,56.46,20.7,140.77,106.29
2021-02-03 00:00:00-05:00,3311.26,20.44,373.32,125.56,62.48,75.02,208.79,539.3,101.01,42.05,57.115,20.74,141.19,104.81
2021-02-04 00:00:00-05:00,3330.84,21.06,373.15,128.69,64.71,72.44,211.01,552.37,103.64,42.42,57.85,21.07,142.53,103.03
2021-02-05 00:00:00-05:00,3352.49,21.31,377.02,131.98,65.73,72.53,212.57,550.73,106.47,42.15,58.5722,21.24,144.33,105.34
2021-02-08 00:00:00-05:00,3323.49,21.61,380.06,130.27,66.11,71.65,211.56,548.01,106.265,44.35,59.31,20.745,145.06,103.29
2021-02-09 00:00:00-05:00,3305.0,21.06,382.99,129.4,67.58,70.22,216.01,558.91,106.22,43.31,59.6223,21.06,145.85,103.22
2021-02-10 00:00:00-05:00,3286.59,20.93,382.06,128.98,67.41,69.78,214.0,563.89,105.87,43.79,63.18,21.08,144.15,104.84
2021-02-11 00:00:00-05:00,3261.65,20.72,385.2,128.98,67.13,71.0,214.21,557.71,105.86,43.44,60.6906,20.88,144.03,105.47
2021-02-12 00:00:00-05:00,3278.38,20.59,385.18,128.45,66.88,72.51,213.9,556.57,105.29,43.94,60.63,21.04,144.5,105.52
2021-02-16 00:00:00-05:00,3267.05,22.4687,377.71,128.92,66.27,71.71,215.02,557.29,106.14,45.7,60.49,20.69,145.65,105.53
2021-02-17 00:00:00-05:00,3307.8,23.2,376.49,128.27,64.69,70.37,213.45,551.34,104.45,46.08,60.81,20.43,147.39,104.33
2021-02-18 00:00:00-05:00,3329.43,22.89,377.11,129.98,67.51,70.36,215.44,548.18,104.925,44.965,58.99,20.82,137.62,105.38
2021-02-19 00:00:00-05:00,3251.0,24.59,371.46,134.01,71.63,69.77,212.24,540.47,103.37,48.02,58.42,20.66,138.37,105.13
2021-02-22 00:00:00-05:00,3182.39,25.98,365.16,135.0,74.23,66.13,211.97,533.72,101.81,49.71,55.31,20.31,137.72,105.02
2021-02-23 00:00:00-05:00,3195.65,26.47,366.73,134.31,70.9,65.85,211.38,546.16,101.37,50.61,55.97,20.21,135.43,104.63
2021-02-24 00:00:00-05:00,3159.53,27.02,364.59,138.84,72.95,64.84,213.27,553.41,104.35,54.95,53.91,20.44,133.21,104.68
2021-02-25 00:00:00-05:00,3057.16,25.46,339.09,136.09,68.42,63.05,210.87,546.79,103.47,51.77,51.44,20.07,131.99,104.69
2021-02-26 00:00:00-05:00,3092.349,26.76,346.35,137.33,68.83,63.92,206.14,538.2,108.03,52.67,51.81,20.42,129.88,103.53
2021-03-01 00:00:00-05:00,3146.61,26.31,345.21,139.1,72.43,64.21,208.21,550.7,106.87,53.32,54.39,21.29,131.33,104.51
2021-03-02 00:00:00-05:00,3095.99,27.59,343.07,138.94,70.79,64.06,208.63,547.58,107.2,53.21,54.66,21.29,130.13,104.77
2021-03-03 00:00:00-05:00,3005.01,28.66,332.58,137.97,71.35,61.83,205.77,520.71,106.21,54.58,56.11,20.12,127.57,103.52
2021-03-04 00:00:00-05:00,2977.04,27.4,330.53,136.64,70.55,59.24,204.85,511.03,104.9,52.09,53.08,19.38,127.56,103.58
2021-03-05 00:00:00-05:00,3000.45,26.08,330.15,140.66,71.98,60.2,207.36,516.38,105.15,50.52,55.51,19.66,129.09,104.34
2021-03-08 00:00:00-05:00,2951.951,26.685,333.5,143.02,72.51,60.48,209.08,492.99,105.03,54.06,53.19,20.71,127.88,104.14
2021-03-09 00:00:00-05:00,3062.67,27.58,354.1,139.2,70.83,63.55,208.49,506.4,106.54,53.43,55.24,20.13,128.86,102.68
2021-03-10 00:00:00-05:00,3057.64,26.7,357.93,142.03,72.59,66.8,213.3,504.54,107.78,53.92,57.69,20.47,132.18,104.68
2021-03-11 00:00:00-05:00,3116.48,27.46,358.53,141.05,73.09,68.52,211.57,523.07,107.31,54.06,58.94,20.26,132.13,104.58
2021-03-12 00:00:00-05:00,3091.23,28.46,361.37,145.43,76.15,67.97,212.29,518.27,107.81,56.29,60.35,20.52,134.1,104.8
2021-03-15 00:00:00-04:00,3081.42,29.78,362.97,146.23,77.8,67.83,220.5,520.44,108.9,60.94,60.15,21.55,133.43,108.0
2021-03-16 00:00:00-04:00,3092.42,28.25,366.01,140.5,75.5,66.3,219.9,523.98,111.34,59.81,58.8536,20.69,133.39,108.8
2021-03-17 00:00:00-04:00,3135.2,28.93,363.38,141.25,76.56,65.41,224.09,524.74,110.47,62.46,56.36,20.94,132.3,111.03
2021-03-18 00:00:00-04:00,3027.99,28.26,363.82,139.97,74.35,62.91,222.97,504.66,107.62,60.82,55.68,20.5189,129.99,108.28
2021-03-19 00:00:00-04:00,3072.99,28.945,363.7,139.76,74.97,62.29,222.5,512.46,106.16,60.77,57.08,20.64,131.75,107.96
2021-03-22 00:00:00-04:00,3111.37,27.47,369.36,136.73,71.26,63.0,225.08,522.88,107.57,58.32,55.69,20.73,132.345,108.74
2021-03-23 00:00:00-04:00,3137.5,25.33,374.37,136.72,67.7,62.64,224.38,535.09,106.28,54.35,53.5,20.73,133.93,108.01
2021-03-24 00:00:00-04:00,3087.17,24.85,366.46,133.77,66.32,59.36,224.06,520.73,104.94,53.84,52.5699,20.6,133.12,107.09
2021-03-25 00:00:00-04:00,3046.26,25.841,367.57,144.97,69.97,61.12,224.32,502.61,107.33,56.05,53.9,20.7,134.01,107.4
2021-03-26 00:00:00-04:00,3053.14,26.0532,371.85,148.995,73.13,61.57,225.07,508.35,109.91,56.82,54.71,20.74,135.0699,108.07
2021-03-29 00:00:00-04:00,3076.76,25.64,372.14,143.72,69.49,61.41,227.48,514.33,109.13,56.21,53.35,20.51,136.67,109.2
2021-03-30 00:00:00-04:00,3054.7,26.64,368.15,145.01,72.02,59.89,224.96,513.55,110.27,58.2,53.44,20.44,135.72,109.7
2021-03-31 00:00:00-04:00,3095.65,26.55,367.79,141.91,71.07,60.0,224.17,522.23,109.27,57.54,54.51,20.25,135.85,108.26
2021-04-01 00:00:00-04:00,3161.55,26.86,373.39,144.2,71.9,63.39,225.2,539.49,109.38,57.83,57.61,20.74,135.54,109.8
2021-04-05 00:00:00-04:00,3225.26,28.0967,371.5,144.11,68.88,63.87,228.87,540.64,111.03,59.3,57.4,20.73,139.42,110.68
2021-04-06 00:00:00-04:00,3223.99,28.5973,380.66,144.39,68.96,62.3,231.95,544.425,113.17,59.49,58.03,21.37,140.1083,114.08
2021-04-07 00:00:00-04:00,3279.39,29.0,382.22,145.71,69.93,65.64,232.6,547.03,113.2,59.56,56.88,21.455,139.8,114.04
2021-04-08 00:00:00-04:00,3299.99,28.56,384.06,145.66,69.25,65.33,230.25,554.755,113.04,59.42,57.82,21.52,139.72,114.67
2021-04-09 00:00:00-04:00,3372.09,29.3,390.41,143.08,68.35,65.49,231.48,555.28,113.18,58.44,57.68,21.29,139.79,114.97
2021-04-12 00:00:00-04:00,3379.39,27.75,390.65,143.68,68.12,66.88,230.93,552.78,113.81,56.17,59.4,21.72,139.82,116.44
2021-04-13 00:00:00-04:00,3400.0,27.82,394.925,143.0,67.01,72.0,231.32,553.73,115.37,56.66,60.64,21.72,139.37,117.43
2021-04-14 00:00:00-04:00,3334.4,27.95,390.7,144.19,67.91,71.58,230.33,540.21,115.12,56.93,59.21,22.03,139.37,118.17
2021-04-15 00:00:00-04:00,3378.89,27.32,392.75,143.21,67.28,72.82,231.28,549.24,116.67,56.12,60.74,22.28,140.16,117.6
2021-04-16 00:00:00-04:00,3399.21,27.03,394.97,146.32,68.83,72.04,233.15,546.68,118.34,55.87,60.34,22.47,140.54,118.08
2021-04-19 00:00:00-04:00,3373.94,26.89,397.91,146.03,70.24,73.64,231.8,554.35,117.66,55.0,57.85,22.65,139.76,117.71
2021-04-20 00:00:00-04:00,3334.68,25.73,398.06,143.0,67.12,72.39,233.02,549.44,116.28,50.29,55.49,22.78,140.79,117.98
2021-04-21 00:00:00-04:00,3361.52,27.3357,394.65,142.9,66.91,70.5,232.31,508.9,116.7,51.84,55.77,22.35,141.22,117.48
2021-04-22 00:00:00-04:00,3308.0676,26.92,398.77,145.01,68.32,71.005,233.04,509.41,115.93,51.03,56.3008,22.63,139.66,117.82
2021-04-23 00:00:00-04:00,3340.52,27.265,397.72,143.97,67.75,72.54,234.58,505.52,117.53,53.1,57.94,22.61,139.88,117.72
2021-04-26 00:00:00-04:00,3408.96,27.55,400.48,142.18,65.34,70.84,232.31,510.37,115.92,53.8,57.62,22.215,137.92,115.7
2021-04-27 00:00:00-04:00,3418.72,27.81,400.82,142.63,65.66,70.06,235.01,505.54,116.2,53.48,57.14,22.27,138.39,116.33
2021-04-28 00:00:00-04:00,3461.12,27.8,404.38,143.87,67.79,70.45,232.47,506.58,112.41,53.54,58.425,22.27,137.92,117.62
2021-04-29 00:00:00-04:00,3471.31,27.21,416.46,146.31,71.19,67.51,235.25,509.06,114.62,53.69,54.94,22.63,139.62,118.95
2021-04-30 00:00:00-04:00,3470.02,27.95,422.07,146.73,67.13,68.06,236.08,513.8,114.5,54.42,54.8,22.58,139.93,119.57
